characters名,检测到的 aliases 字段,英文名称,proposed_status,reason,count
Sheldon,谢尔顿,Sheldon,likely_valid_alias,"全剧多次直接以“谢尔顿”称呼或指称该主要角色，是稳定中文名字形式。；证据（199条，格式=file|episode|line_id|start|end|原始台词）：E01.txt|episode=1|line_id=33|00:01:44.96|00:01:46.80|谢尔顿  当初是你要来的 || E01.txt|episode=1|line_id=158|00:08:34.81|00:08:35.88|谢尔顿  坐下! || E01.txt|episode=1|line_id=179|00:09:31.61|00:09:33.50|我认为谢尔顿是想说 || E01.txt|episode=1|line_id=311|00:16:11.26|00:16:13.56|她请求我帮她个忙  谢尔顿 || E01.txt|episode=1|line_id=332|00:17:11.97|00:17:14.85|这么说  你们和莱纳德还有谢尔顿一起在大学里共事? || E01.txt|episode=1|line_id=359|00:18:58.31|00:18:59.97|我是莱纳德  这是谢尔顿 || E01.txt|episode=1|line_id=367|00:19:34.97|00:19:37.75|谢尔顿  拖你下水了  真的很抱歉 || E01.txt|episode=1|line_id=378|00:20:06.22|00:20:08.54|谢谢  谢尔顿  你真是好朋友 || E02.txt|episode=2|line_id=143|00:07:24.25|00:07:25.86|谢尔顿  这不是你的家 || E02.txt|episode=2|line_id=166|00:08:34.06|00:08:36.88|谢尔顿 || E02.txt|episode=2|line_id=167|00:08:47.36|00:08:49.88|谢尔顿 || E02.txt|episode=2|line_id=169|00:09:13.32|00:09:15.71|谢尔顿 || E02.txt|episode=2|line_id=275|00:14:52.50|00:14:54.89|我不知道你听说昨晚莱纳德和谢尔顿干的事了没有 || E02.txt|episode=2|line_id=298|00:15:50.90|00:15:53.74|并不意味着莱纳德和谢尔顿也是 || E02.txt|episode=2|line_id=372|00:20:23.31|00:20:25.27|完美  你和谢尔顿去废物堆积场 || E03.txt|episode=3|line_id=16|00:00:51.63|00:00:53.03|谢尔顿 有个敌人在你背后 || E03.txt|episode=3|line_id=18|00:00:55.43|00:00:56.77|我打中他了 谢尔顿 || E03.txt|episode=3|line_id=22|00:01:04.50|00:01:07.10|谢尔顿 他打中拉杰了 快用你的催眠咒! || E03.txt|episode=3|line_id=25|00:01:13.20|00:01:14.81|别管剑了 谢尔顿 快救拉杰! || E03.txt|episode=3|line_id=26|00:01:14.82|00:01:16.44|我不再是谢尔顿了 || E03.txt|episode=3|line_id=28|00:01:18.67|00:01:19.87|谢尔顿 当心! || E03.txt|episode=3|line_id=55|00:02:41.59|00:02:43.98|嗨 谢尔顿 这是道格 || E03.txt|episode=3|line_id=56|00:02:43.99|00:02:45.41|道格 这是我邻居谢尔顿 || E03.txt|episode=3|line_id=106|00:05:23.21|00:05:24.34|嗨 谢尔顿 || E03.txt|episode=3|line_id=150|00:07:40.42|00:07:46.04|谢尔顿 如果你是机器人 我知道但你自己不知道... || E03.txt|episode=3|line_id=170|00:08:43.20|00:08:45.67|还有 谢尔顿可能是机器人 || E03.txt|episode=3|line_id=182|00:09:26.59|00:09:28.75|谢尔顿可以任意选 || E03.txt|episode=3|line_id=201|00:10:46.66|00:10:47.64|谢尔顿 听我说... || E03.txt|episode=3|line_id=204|00:10:53.43|00:10:55.96|谢尔顿 你真认为养一只转基因猫 || E03.txt|episode=3|line_id=208|00:11:03.19|00:11:05.55|得了吧 谢尔顿... || E03.txt|episode=3|line_id=227|00:12:08.17|00:12:09.07|你好 谢尔顿 || E03.txt|episode=3|line_id=242|00:12:41.67|00:12:44.71|对 谢尔顿 霍华德 拉杰 他们都一起吧? || E03.txt|episode=3|line_id=246|00:12:56.49|00:12:58.72|比如 谢尔顿中午吃了Quizno三明治 || E03.txt|episode=3|line_id=326|00:16:46.93|00:16:50.25|拉杰跟霍华德要工作 谢尔顿... || E04.txt|episode=4|line_id=159|00:08:15.91|00:08:17.06|我不知道哦 谢尔顿 || E04.txt|episode=4|line_id=193|00:10:04.98|00:10:06.98|谢尔顿 你确定不要跟 || E04.txt|episode=4|line_id=236|00:12:34.93|00:12:36.62|谢尔顿 你妈妈做了晚饭 || E04.txt|episode=4|line_id=243|00:12:54.67|00:13:00.31|原谅我的无礼 但我终于知道谢尔顿 英俊的外表是从哪继承的了 || E04.txt|episode=4|line_id=252|00:13:31.20|00:13:33.50|谢尔顿的事 我们不用做什么吗? || E04.txt|episode=4|line_id=254|00:13:34.37|00:13:36.46|对付谢尔顿要慢慢来 || E04.txt|episode=4|line_id=256|00:13:38.61|00:13:41.83|""玛丽 对谢尔顿要耐心"" || E04.txt|episode=4|line_id=260|00:13:49.68|00:13:55.00|大家拿盘子 还有谢尔顿织的餐垫 || E04.txt|episode=4|line_id=287|00:15:09.53|00:15:13.29|我们祈求您帮助谢尔顿重新振作 || E04.txt|episode=4|line_id=292|00:15:38.00|00:15:39.74|谢尔顿最喜欢吃这个 || E04.txt|episode=4|line_id=299|00:16:06.73|00:16:08.91|够了! 谢尔顿 振作起来! || E04.txt|episode=4|line_id=337|00:18:14.60|00:18:16.02|谢尔顿 他只是在乱画而已 || E04.txt|episode=4|line_id=348|00:18:51.73|00:18:53.70|我叫玛丽·库珀 是谢尔顿的妈妈 || E04.txt|episode=4|line_id=355|00:19:07.65|00:19:09.98|谢尔顿 你不该去上班啊? || E05.txt|episode=5|line_id=27|00:01:05.40|00:01:07.52|好 谢谢你 谢尔顿呢? || E05.txt|episode=5|line_id=55|00:01:57.66|00:01:59.30|她住在我和谢尔顿的对面 || E05.txt|episode=5|line_id=84|00:03:12.84|00:03:13.65|多谢 谢尔顿 || E05.txt|episode=5|line_id=169|00:07:50.45|00:07:52.08|谢尔顿 怎么了? || E05.txt|episode=5|line_id=207|00:09:58.01|00:09:59.98|谢尔顿 你问错人了 || E05.txt|episode=5|line_id=210|00:10:27.74|00:10:31.15|是我 谢尔顿 || E05.txt|episode=5|line_id=253|00:13:24.06|00:13:25.57|你就算一直瞪着写字板 谢尔顿 || E05.txt|episode=5|line_id=265|00:13:57.12|00:13:59.15|谢尔顿! || E05.txt|episode=5|line_id=270|00:14:09.85|00:14:11.67|谢尔顿 我们得走了! || E06.txt|episode=6|line_id=10|00:00:39.15|00:00:40.80|谢尔顿 别再计较了! || E06.txt|episode=6|line_id=77|00:04:24.12|00:04:25.87|谢尔顿既不是声波也不是光波 || E06.txt|episode=6|line_id=84|00:04:46.07|00:04:46.78|谢尔顿 || E06.txt|episode=6|line_id=122|00:06:52.79|00:06:54.38|真抱歉 谢尔顿 || E06.txt|episode=6|line_id=133|00:07:23.32|00:07:24.91|呃 谢尔顿穿的是什么? || E06.txt|episode=6|line_id=234|00:12:35.49|00:12:37.43|在信息时代 谢尔顿 || E06.txt|episode=6|line_id=323|00:16:44.13|00:16:45.23|晚安 谢尔顿 || E07.txt|episode=7|line_id=85|00:04:36.09|00:04:38.16|是啊 谢尔顿也着火了 || E07.txt|episode=7|line_id=89|00:04:46.49|00:04:47.85|等一下 谢尔顿 回来 || E07.txt|episode=7|line_id=211|00:12:00.21|00:12:01.18|我是谢尔顿 || E07.txt|episode=7|line_id=231|00:12:44.31|00:12:45.52|谢尔顿 你不能这么独裁... || E07.txt|episode=7|line_id=326|00:17:20.93|00:17:24.21|谢尔顿 别惹我发火 || E07.txt|episode=7|line_id=327|00:17:26.37|00:17:28.61|谢尔顿 不是早都套好了台词吗? || E07.txt|episode=7|line_id=338|00:18:00.08|00:18:03.71|得了谢尔顿 快被你逼疯了! || E07.txt|episode=7|line_id=349|00:18:35.21|00:18:36.49|谢尔顿 想清楚了 || E07.txt|episode=7|line_id=377|00:19:56.28|00:19:57.97|谢尔顿 他在你的视野里! 开火! || E07.txt|episode=7|line_id=381|00:20:01.33|00:20:02.73|拉杰! 干掉谢尔顿! || E08.txt|episode=8|line_id=14|00:00:48.74|00:00:52.44|…这就是莱纳德和谢尔顿的房间 || E08.txt|episode=8|line_id=23|00:01:07.02|00:01:09.63|这边的是谢尔顿 || E08.txt|episode=8|line_id=106|00:04:37.62|00:04:39.75|我是谢尔顿 ·库珀博士 || E08.txt|episode=8|line_id=153|00:07:06.95|00:07:08.39|我向上帝发誓 谢尔顿 总有一天 || E08.txt|episode=8|line_id=181|00:08:20.98|00:08:22.80|谢尔顿 你要什么? || E08.txt|episode=8|line_id=301|00:14:00.22|00:14:01.84|谢尔顿 你想说什么? || E08.txt|episode=8|line_id=310|00:14:22.79|00:14:26.27|拉丽塔 这是莱纳德 谢尔顿 霍华德 还有佩妮 || E08.txt|episode=8|line_id=330|00:15:21.98|00:15:26.11|谢尔顿 跟我说说那个跟我长得很像的公主吧 || E08.txt|episode=8|line_id=334|00:15:36.29|00:15:37.88|滚开 谢尔顿 || E08.txt|episode=8|line_id=353|00:16:15.37|00:16:16.67|谢尔顿 你饿吗? || E08.txt|episode=8|line_id=368|00:16:49.59|00:16:51.21|这我们的家事 谢尔顿 || E08.txt|episode=8|line_id=384|00:17:30.43|00:17:32.02|谢尔顿 告诉他们你做了什么 || E09.txt|episode=9|line_id=70|00:03:46.53|00:03:48.97|谢尔顿  这信怎么在垃圾桶里? || E09.txt|episode=9|line_id=88|00:04:27.88|00:04:28.70|我不知道  谢尔顿 || E09.txt|episode=9|line_id=105|00:05:03.50|00:05:05.02|谢尔顿  我们得去参加这个 || E09.txt|episode=9|line_id=134|00:06:10.80|00:06:12.29|你和谢尔顿现在怎样了 || E09.txt|episode=9|line_id=174|00:07:44.71|00:07:46.32|你跟谢尔顿在演讲这件事情上 || E09.txt|episode=9|line_id=180|00:07:56.33|00:08:00.23|更不用说  谢尔顿还是个怪胎 || E09.txt|episode=9|line_id=204|00:09:11.36|00:09:13.26|好啊  谢尔顿 || E09.txt|episode=9|line_id=256|00:11:30.95|00:11:32.40|谢尔顿  我刚才一直在想 || E09.txt|episode=9|line_id=263|00:11:59.66|00:12:01.29|谢尔顿  我不是那个意思 || E09.txt|episode=9|line_id=277|00:12:28.72|00:12:29.97|再见  谢尔顿 || E09.txt|episode=9|line_id=315|00:14:26.35|00:14:28.47|我是谢尔顿·库珀博士 || E10.txt|episode=10|line_id=68|00:03:07.32|00:03:09.55|谢尔顿  你是在担心你的人身安全吗 || E10.txt|episode=10|line_id=88|00:04:42.71|00:04:44.63|谢尔顿  到底什么事 || E10.txt|episode=10|line_id=261|00:11:24.36|00:11:27.36|谢尔顿  我觉得我们得告诉他们 || E10.txt|episode=10|line_id=268|00:11:43.38|00:11:45.96|莱纳德其实在帮谢尔顿解决家庭危机 || E10.txt|episode=10|line_id=272|00:11:53.49|00:11:55.29|因为他不想让谢尔顿尴尬 || E10.txt|episode=10|line_id=279|00:12:08.03|00:12:10.21|谢尔顿的表弟里奥逃离了戒毒所 || E10.txt|episode=10|line_id=282|00:12:14.13|00:12:15.79|莱纳德要开车送谢尔顿去 || E10.txt|episode=10|line_id=292|00:12:32.41|00:12:33.96|因为谢尔顿根本就没有一个 || E10.txt|episode=10|line_id=310|00:13:13.69|00:13:15.23|别再想了  谢尔顿 || E10.txt|episode=10|line_id=347|00:14:56.51|00:14:59.02|我是谢尔顿的表弟里奥 || E10.txt|episode=10|line_id=348|00:15:03.36|00:15:06.03|谢尔顿根本没有一个叫里奥的表弟 || E10.txt|episode=10|line_id=360|00:15:32.29|00:15:35.33|谢尔顿  我们不是真的要用通俗心理学吧? || E10.txt|episode=10|line_id=363|00:15:40.69|00:15:41.93|-谢尔顿?  -不好意思 || E10.txt|episode=10|line_id=373|00:15:58.26|00:16:00.29|谢尔顿...你这是为什么 || E10.txt|episode=10|line_id=377|00:16:08.99|00:16:11.09|谢尔顿  这样设计 || E11.txt|episode=11|line_id=26|00:01:47.95|00:01:49.10|没事的  谢尔顿 || E11.txt|episode=11|line_id=34|00:02:06.37|00:02:09.37|佩妮  你要原谅谢尔顿  他有点病理恐惧 || E11.txt|episode=11|line_id=50|00:03:28.47|00:03:30.67|谢尔顿  你没病 || E11.txt|episode=11|line_id=56|00:03:46.98|00:03:49.48|谢尔顿  你不觉得你反应过度了吗 || E11.txt|episode=11|line_id=95|00:06:48.57|00:06:50.65|谢尔顿  我在工作呢 || E11.txt|episode=11|line_id=115|00:07:54.31|00:07:55.90|谢尔顿病了! || E11.txt|episode=11|line_id=129|00:08:41.71|00:08:43.01|是谢尔顿 || E11.txt|episode=11|line_id=144|00:09:28.62|00:09:31.37|谢尔顿  你在这里做什么? || E11.txt|episode=11|line_id=150|00:09:44.75|00:09:47.10|谢尔顿  你想要干什么? || E11.txt|episode=11|line_id=179|00:11:40.72|00:11:43.04|谢尔顿在芝士蛋糕店 || E11.txt|episode=11|line_id=201|00:12:52.84|00:12:56.21|谢尔顿  你已经长大了  你之前没生过病吗 || E11.txt|episode=11|line_id=239|00:14:54.38|00:14:56.98|不过谢尔顿要是在家的话  你就将永远被困在 || E11.txt|episode=11|line_id=242|00:15:09.58|00:15:13.13|我想问下  谢尔顿还在店里吗 || E11.txt|episode=11|line_id=249|00:15:35.75|00:15:38.05|你是宁可回家跟谢尔顿斗智斗勇 || E11.txt|episode=11|line_id=256|00:15:58.50|00:16:00.59|谢尔顿  你自己不能干吗 || E11.txt|episode=11|line_id=289|00:18:12.65|00:18:15.09|如果谢尔顿下床并开始走路 || E11.txt|episode=11|line_id=292|00:18:20.22|00:18:22.11|和病猫谢尔顿的步行速度 || E11.txt|episode=11|line_id=296|00:18:30.00|00:18:32.98|你要把这个传感器放到离谢尔顿尽可能近的地方 || E11.txt|episode=11|line_id=313|00:19:24.58|00:19:28.45|你离谢尔顿的屋子已经很近了  可以部署传感器了 || E11.txt|episode=11|line_id=324|00:20:12.18|00:20:14.42|你成心让我在这陪着谢尔顿活受罪 || E11.txt|episode=11|line_id=325|00:20:14.43|00:20:17.57|没办法  我也是不得以啊  你也看到谢尔顿什么样了 || E12.txt|episode=12|line_id=12|00:00:36.92|00:00:39.00|因为原本的谢尔顿 || E12.txt|episode=12|line_id=13|00:00:39.01|00:00:42.07|一定要被分解才能创造一个新的谢尔顿 || E12.txt|episode=12|line_id=14|00:00:43.08|00:00:44.59|新的谢尔顿在任一方面 || E12.txt|episode=12|line_id=15|00:00:44.60|00:00:47.07|会比旧的谢尔顿好吗 || E12.txt|episode=12|line_id=75|00:03:17.85|00:03:19.91|别这样  谢尔顿  我们还没带他看过什么地方呢 || E12.txt|episode=12|line_id=123|00:05:22.33|00:05:23.35|谢尔顿  你要知道 || E12.txt|episode=12|line_id=126|00:05:27.77|00:05:29.71|吃饭吧  谢尔顿  你会感觉好点的 || E12.txt|episode=12|line_id=132|00:05:38.59|00:05:40.95|谢尔顿没奶了? || E12.txt|episode=12|line_id=146|00:06:12.55|00:06:14.71|你现在想怎么样  谢尔顿  放弃吗 || E12.txt|episode=12|line_id=183|00:07:37.32|00:07:40.25|好了  谢尔顿  我理解你现在 || E12.txt|episode=12|line_id=205|00:08:37.66|00:08:40.07|谢尔顿  你来这里做什么 || E12.txt|episode=12|line_id=225|00:09:26.54|00:09:27.75|谢尔顿 || E12.txt|episode=12|line_id=232|00:09:42.96|00:09:43.85|-谢尔顿  -干吗 || E12.txt|episode=12|line_id=254|00:10:46.23|00:10:48.75|然后再也不会对谢尔顿造成威胁呢 || E13.txt|episode=13|line_id=57|00:02:08.31|00:02:10.29|谢尔顿  你什么意思  需要我引用 || E13.txt|episode=13|line_id=142|00:05:28.66|00:05:29.72|谢尔顿 || E13.txt|episode=13|line_id=163|00:06:14.08|00:06:15.42|他把谢尔顿比喻成 || E13.txt|episode=13|line_id=232|00:09:13.89|00:09:16.43|谢尔顿毕竟还是我们的朋友和我的室友 || E13.txt|episode=13|line_id=283|00:11:23.07|00:11:25.19|只能去和谢尔顿面对面单练 || E13.txt|episode=13|line_id=285|00:11:27.68|00:11:29.97|等等  你们是要对抗谢尔顿·库珀? || E13.txt|episode=13|line_id=300|00:12:07.80|00:12:08.47|谢尔顿 || E13.txt|episode=13|line_id=301|00:12:08.47|00:12:09.38|谢尔顿 || E13.txt|episode=13|line_id=302|00:12:13.18|00:12:14.22|谢尔顿 || E13.txt|episode=13|line_id=313|00:12:43.38|00:12:44.62|你好  谢尔顿 || E13.txt|episode=13|line_id=317|00:12:51.99|00:12:54.33|让谢尔顿·库珀哭得像个小娘们儿似的人 || E13.txt|episode=13|line_id=360|00:14:41.04|00:14:43.85|谢尔顿真烂...卡西米尔效应 || E13.txt|episode=13|line_id=433|00:18:06.38|00:18:09.50|谢尔顿  证明你一个人的聪明 || E13.txt|episode=13|line_id=448|00:19:20.40|00:19:21.58|谢尔顿是谁 || E14.txt|episode=14|line_id=52|00:01:53.40|00:01:55.58|我同意  谢尔顿? || E14.txt|episode=14|line_id=86|00:04:09.33|00:04:09.94|-谢尔顿?  -干嘛? || E14.txt|episode=14|line_id=158|00:06:56.09|00:06:57.74|谢尔顿  你不能这么自私! || E14.txt|episode=14|line_id=366|00:16:20.79|00:16:22.64|谢尔顿  你让开 || E14.txt|episode=14|line_id=418|00:19:06.63|00:19:09.04|谢尔顿 || E15.txt|episode=15|line_id=15|00:00:41.00|00:00:43.19|嘘  嘘  谢尔顿办公室有个靓妹 || E15.txt|episode=15|line_id=16|00:00:43.54|00:00:45.25|在谢尔顿的办公室? || E15.txt|episode=15|line_id=37|00:01:38.87|00:01:40.56|谢尔顿  能介绍一下吗? || E15.txt|episode=15|line_id=87|00:04:45.40|00:04:47.93|我们8岁时  谢尔顿把我的 || E15.txt|episode=15|line_id=113|00:06:06.34|00:06:09.10|佩妮  这是谢尔顿的孪生妹妹  米茜 || E15.txt|episode=15|line_id=138|00:07:24.33|00:07:26.18|谢尔顿的妹妹挺漂亮啊  是吧 || E15.txt|episode=15|line_id=143|00:07:43.40|00:07:45.87|谢尔顿  你怎么不理你妹妹啊 || E15.txt|episode=15|line_id=174|00:09:05.50|00:09:07.35|谢尔顿  我能跟你单独谈一下吗 || E15.txt|episode=15|line_id=182|00:09:31.50|00:09:32.64|谢尔顿... || E15.txt|episode=15|line_id=261|00:13:30.48|00:13:32.51|谢尔顿  你真不讲道理 || E15.txt|episode=15|line_id=282|00:14:42.79|00:14:47.99|一个可能更高  更聪明  雀斑更少的  谢尔顿2.0 || E15.txt|episode=15|line_id=284|00:14:50.31|00:14:51.90|""谢尔顿2.0""? || E15.txt|episode=15|line_id=321|00:16:32.63|00:16:34.46|谢尔顿的妹妹躲在佩妮家里 || E16.txt|episode=16|line_id=1|00:00:03.60|00:00:05.72|-把他按倒  -你没辙了  谢尔顿 || E16.txt|episode=16|line_id=26|00:01:03.89|00:01:06.63|直到被谢尔顿那典型且神经兮兮的理论所打断 || E16.txt|episode=16|line_id=126|00:05:36.07|00:05:38.52|谢尔顿  你懂啥叫勒索吗? || E16.txt|episode=16|line_id=149|00:06:50.41|00:06:52.10|谢尔顿  我没有看到你的礼物啊 || E16.txt|episode=16|line_id=161|00:07:24.25|00:07:26.14|谢尔顿  你是他朋友啊 || E16.txt|episode=16|line_id=177|00:08:05.97|00:08:09.76|我们这么办  我开车带谢尔顿去买礼物 || E16.txt|episode=16|line_id=208|00:09:40.78|00:09:43.48|谢尔顿  礼物不应该是一个人所需要的 || E16.txt|episode=16|line_id=240|00:11:20.19|00:11:22.37|好  谢尔顿  那应该是什么? || E16.txt|episode=16|line_id=287|00:13:22.07|00:13:23.89|-谢尔顿  我们该走了  -现在不行  佩妮 || E16.txt|episode=16|line_id=354|00:16:30.00|00:16:32.33|-谢尔顿  我们得走了  -为什么 || E17.txt|episode=17|line_id=1|00:00:03.29|00:00:05.44|我 的 字 是谢尔顿 || E17.txt|episode=17|line_id=3|00:00:07.01|00:00:09.95|我 的 名 字 是谢尔顿 || E17.txt|episode=17|line_id=4|00:00:10.53|00:00:13.83|我 的 名 字 是谢尔顿 || E17.txt|episode=17|line_id=140|00:07:40.96|00:07:41.93|谢尔顿  看在老天的份上 || E17.txt|episode=17|line_id=209|00:11:02.82|00:11:03.56|-给我看你们的  -谢尔顿? || E17.txt|episode=17|line_id=307|00:14:55.46|00:14:56.98|谢尔顿  你有什么可以说的吗 || E17.txt|episode=17|line_id=317|00:15:13.70|00:15:15.22|谢尔顿 || E17.txt|episode=17|line_id=333|00:15:55.36|00:15:56.77|谢尔顿  你到底想说什么? || E17.txt|episode=17|line_id=346|00:16:34.28|00:16:36.19|谢尔顿  我想我办错了件事 || E17.txt|episode=17|line_id=369|00:17:25.52|00:17:28.35|谢尔顿  这次约会很可能就是我唯一的机会",195
Sheldon,Sheldon,Sheldon,likely_valid_alias,字幕原文出现英文 Sheldon，且在同一场景连续呼叫该角色。；证据（1条，格式=file|episode|line_id|start|end|原始台词）：E03.txt|episode=3|line_id=23|00:01:07.45|00:01:09.07|Sheldon Sheldon?,2
Sheldon,谢尔顿·库珀,Sheldon Cooper,likely_valid_alias,完整姓名形式，明确指向 Sheldon。；证据（3条，格式=file|episode|line_id|start|end|原始台词）：E09.txt|episode=9|line_id=315|00:14:26.35|00:14:28.47|我是谢尔顿·库珀博士 || E13.txt|episode=13|line_id=285|00:11:27.68|00:11:29.97|等等  你们是要对抗谢尔顿·库珀? || E13.txt|episode=13|line_id=317|00:12:51.99|00:12:54.33|让谢尔顿·库珀哭得像个小娘们儿似的人,2
Sheldon,谢尔顿·库珀博士,Dr. Sheldon Cooper,likely_valid_alias,“职称+完整姓名”形式，角色自我介绍时明确出现。；证据（1条，格式=file|episode|line_id|start|end|原始台词）：E09.txt|episode=9|line_id=315|00:14:26.35|00:14:28.47|我是谢尔顿·库珀博士,1
Sheldon,谢尔顿 ·库珀博士,Dr. Sheldon Cooper,likely_valid_alias,与“谢尔顿·库珀博士”同一名字的字幕空格/标点表面变体，原文如此出现。；证据（1条，格式=file|episode|line_id|start|end|原始台词）：E08.txt|episode=8|line_id=106|00:04:37.62|00:04:39.75|我是谢尔顿 ·库珀博士,1
Sheldon,库珀博士,Dr. Cooper,likely_valid_alias,以姓氏+职称直接称呼 Sheldon；所在情节中指向稳定明确。；证据（7条，格式=file|episode|line_id|start|end|原始台词）：E04.txt|episode=4|line_id=340|00:18:21.86|00:18:23.82|库珀博士 || E08.txt|episode=8|line_id=106|00:04:37.62|00:04:39.75|我是谢尔顿 ·库珀博士 || E09.txt|episode=9|line_id=315|00:14:26.35|00:14:28.47|我是谢尔顿·库珀博士 || E12.txt|episode=12|line_id=20|00:00:55.80|00:00:56.98|库珀博士 || E12.txt|episode=12|line_id=291|00:12:29.13|00:12:30.03|库珀博士 || E12.txt|episode=12|line_id=326|00:13:33.87|00:13:35.45|你得原谅库珀博士 || E13.txt|episode=13|line_id=121|00:04:42.47|00:04:43.33|库珀博士,5
Sheldon,谢利,Shelly,likely_valid_alias,米茜多次用“谢利”称呼 Sheldon，且字幕首次明确标注“(昵称)”，Sheldon 还明确要求不要这样叫他。；证据（9条，格式=file|episode|line_id|start|end|原始台词）：E15.txt|episode=15|line_id=48|00:02:08.59|00:02:11.66|这是因为你根本无法衡量什么是幽默  谢利(昵称) || E15.txt|episode=15|line_id=60|00:03:36.96|00:03:40.26|我还过来让谢利在父亲的地产文书上签个字 || E15.txt|episode=15|line_id=70|00:04:05.98|00:04:07.52|谢利不喜欢别人缠着他 || E15.txt|episode=15|line_id=78|00:04:19.26|00:04:22.29|别这样  谢利  她是家人啊 || E15.txt|episode=15|line_id=81|00:04:29.09|00:04:30.87|再也不要叫我谢利 || E15.txt|episode=15|line_id=266|00:13:47.81|00:13:49.87|谢利  我可以和你说几句吗 || E15.txt|episode=15|line_id=293|00:15:07.82|00:15:10.39|好了  谢利  坐下 || E15.txt|episode=15|line_id=389|00:20:43.36|00:20:45.09|来吧  谢利 || E15.txt|episode=15|line_id=399|00:21:10.77|00:21:11.85|我走了  谢利,9
Sheldon,小饼干,Snickerdoodle,likely_valid_alias,人工复核确认该表面形式属于所列角色的名字/别名。；证据（10条，格式=file|episode|line_id|start|end|原始台词）：E04.txt|episode=4|line_id=299|00:16:06.73|00:16:08.91|够了! 谢尔顿 振作起来! || E04.txt|episode=4|line_id=300|00:16:08.92|00:16:10.38|你是物理学家 || E04.txt|episode=4|line_id=301|00:16:10.38|00:16:13.53|该在学校做实验 而不是躲房间里 || E04.txt|episode=4|line_id=302|00:16:20.26|00:16:22.66|你不打猎的 是不是? || E04.txt|episode=4|line_id=303|00:16:28.35|00:16:30.55|早上好 小饼干 || E04.txt|episode=4|line_id=304|00:16:31.64|00:16:32.56|早 || E04.txt|episode=4|line_id=305|00:16:33.12|00:16:35.88|那看起来好奇特啊 是什么呢? || E04.txt|episode=4|line_id=306|00:16:37.07|00:16:41.57|我设想的硅系生物DNA模型 || E04.txt|episode=4|line_id=307|00:16:42.81|00:16:46.74|但是由造物主巧妙地设计? || E04.txt|episode=4|line_id=308|00:16:49.12|00:16:50.67|你想干什么呀 妈妈?,1
Leonard,莱纳德,Leonard,likely_valid_alias,"全剧多次直接以“莱纳德”称呼或指称该主要角色，是稳定中文名字形式。；证据（140条，格式=file|episode|line_id|start|end|原始台词）：E01.txt|episode=1|line_id=26|00:01:27.50|00:01:29.54|莱纳德  我觉得我做不到 || E01.txt|episode=1|line_id=186|00:09:50.14|00:09:52.16|莱纳德吃玉米会不消化 || E01.txt|episode=1|line_id=270|00:14:02.77|00:14:04.36|莱纳德有女士来访 || E01.txt|episode=1|line_id=331|00:17:07.23|00:17:09.82|莱纳德  我们两个甚至搬不动一台电视 || E01.txt|episode=1|line_id=332|00:17:11.97|00:17:14.85|这么说  你们和莱纳德还有谢尔顿一起在大学里共事? || E01.txt|episode=1|line_id=344|00:17:54.57|00:17:55.97|莱纳德  电视机在楼上 || E01.txt|episode=1|line_id=359|00:18:58.31|00:18:59.97|我是莱纳德  这是谢尔顿 || E02.txt|episode=2|line_id=227|00:12:10.62|00:12:12.06|莱纳德 || E02.txt|episode=2|line_id=269|00:14:17.53|00:14:20.00|我希望这不会影响你对莱纳德的看法 || E02.txt|episode=2|line_id=275|00:14:52.50|00:14:54.89|我不知道你听说昨晚莱纳德和谢尔顿干的事了没有 || E02.txt|episode=2|line_id=298|00:15:50.90|00:15:53.74|并不意味着莱纳德和谢尔顿也是 || E02.txt|episode=2|line_id=335|00:18:26.28|00:18:28.38|莱纳德  我们之间没事了 || E04.txt|episode=4|line_id=11|00:00:30.40|00:00:33.27|这可是时间旅行 莱纳德 过去的我已经打过了 || E04.txt|episode=4|line_id=19|00:00:51.89|00:00:53.80|你知道窑洞有什么意思吗 莱纳德? || E04.txt|episode=4|line_id=201|00:10:29.75|00:10:32.67|莱纳德 我们会暴富 || E04.txt|episode=4|line_id=216|00:11:30.09|00:11:31.75|莱纳德给我打电话了 || E04.txt|episode=4|line_id=238|00:12:38.62|00:12:40.73|莱纳德 你别管了 他很固执的 || E04.txt|episode=4|line_id=333|00:17:58.73|00:18:02.15|莱纳德 主自有分寸 || E05.txt|episode=5|line_id=73|00:02:38.49|00:02:40.61|莱纳德 不知道你会拉大提琴 || E05.txt|episode=5|line_id=74|00:02:40.71|00:02:43.05|是啊 我父母觉得给我取名莱纳德 || E05.txt|episode=5|line_id=100|00:03:50.96|00:03:54.47|例如 ""快看 莱纳德和莱斯利所生的高德法布夫妻 || E05.txt|episode=5|line_id=110|00:04:18.51|00:04:23.11|并且暗想 ""很好 莱纳德还是单身"" || E05.txt|episode=5|line_id=111|00:04:23.89|00:04:26.22|你很幸运 莱纳德 || E05.txt|episode=5|line_id=185|00:08:37.46|00:08:39.36|就是说莱纳德跟个女孩在房间里? || E05.txt|episode=5|line_id=188|00:08:45.41|00:08:48.76|莱纳德 你这了不起的野兽! || E05.txt|episode=5|line_id=191|00:08:57.52|00:09:00.91|不会吧 莱纳德以前也带女孩回来过 是吧? || E05.txt|episode=5|line_id=197|00:09:24.24|00:09:26.04|里面有莱纳德 || E05.txt|episode=5|line_id=200|00:09:39.24|00:09:42.01|恭喜莱纳德 || E05.txt|episode=5|line_id=209|00:10:23.08|00:10:24.76|你好 莱纳德? || E05.txt|episode=5|line_id=220|00:12:01.98|00:12:05.29|莱纳德! 莱纳德! || E05.txt|episode=5|line_id=256|00:13:28.90|00:13:31.16|- 嘿 莱纳德 - 嗨 || E05.txt|episode=5|line_id=272|00:14:17.61|00:14:21.20|好吧 下次再说吧 不过我真为你高兴 莱纳德 || E05.txt|episode=5|line_id=298|00:15:28.38|00:15:29.53|- 莱纳德...  - 啊? || E05.txt|episode=5|line_id=300|00:15:40.04|00:15:42.18|- 嗨 莱斯利 - 小心 莱纳德 || E05.txt|episode=5|line_id=312|00:16:33.34|00:16:35.60|莱纳德 我们都不是神经学家 || E05.txt|episode=5|line_id=327|00:17:18.84|00:17:21.19|莱纳德 拜托了 你噎到我了 || E06.txt|episode=6|line_id=273|00:14:08.65|00:14:10.95|你不是 对吧 莱纳德? || E06.txt|episode=6|line_id=306|00:15:41.91|00:15:43.08|莱纳德 你没事吧? || E06.txt|episode=6|line_id=324|00:16:45.23|00:16:47.28|晚安 莱纳德 || E06.txt|episode=6|line_id=325|00:16:53.44|00:16:54.69|嘿 莱纳德? || E06.txt|episode=6|line_id=357|00:18:50.10|00:18:52.17|莱纳德 你真是太好了 || E07.txt|episode=7|line_id=2|00:00:05.47|00:00:07.65|呼叫莱纳德.霍夫斯塔德 || E07.txt|episode=7|line_id=5|00:00:14.40|00:00:17.60|呼叫莱纳德.霍夫斯塔德 || E07.txt|episode=7|line_id=121|00:06:16.91|00:06:20.00|暂停一下 莱纳德 过来说话 || E07.txt|episode=7|line_id=148|00:07:39.08|00:07:40.87|谢谢 莱纳德 || E07.txt|episode=7|line_id=210|00:11:59.08|00:12:00.20|莱纳德 || E08.txt|episode=8|line_id=14|00:00:48.74|00:00:52.44|…这就是莱纳德和谢尔顿的房间 || E08.txt|episode=8|line_id=16|00:00:55.27|00:00:57.48|莱纳德 容我介绍 新德里现场连线 || E08.txt|episode=8|line_id=25|00:01:10.78|00:01:12.15|他和莱纳德住一起 || E08.txt|episode=8|line_id=163|00:07:33.49|00:07:35.33|莱纳德 怎么样? || E08.txt|episode=8|line_id=169|00:07:55.74|00:07:57.02|好了 给你 莱纳德 || E08.txt|episode=8|line_id=310|00:14:22.79|00:14:26.27|拉丽塔 这是莱纳德 谢尔顿 霍华德 还有佩妮 || E08.txt|episode=8|line_id=369|00:16:51.22|00:16:52.50|我是莱纳德 || E09.txt|episode=9|line_id=96|00:04:43.96|00:04:45.59|莱纳德  你千万别误会 || E09.txt|episode=9|line_id=103|00:04:58.62|00:05:01.22|莱纳德  你妈妈的研究方法问题实在太多... || E09.txt|episode=9|line_id=133|00:06:05.46|00:06:08.50|不  他不会吧(模仿莱纳德) || E09.txt|episode=9|line_id=218|00:10:00.81|00:10:01.87|你和莱纳德 || E09.txt|episode=9|line_id=223|00:10:14.40|00:10:16.57|不管怎样  我今天早上跟莱纳德聊天 || E09.txt|episode=9|line_id=241|00:10:59.87|00:11:01.44|我知道莱纳德把你当朋友的 || E09.txt|episode=9|line_id=269|00:12:10.50|00:12:11.74|莱纳德  准备走了吗 || E09.txt|episode=9|line_id=356|00:15:50.85|00:15:52.94|我是莱纳德·霍夫斯塔德博士 || E10.txt|episode=10|line_id=72|00:04:02.88|00:04:04.38|莱纳德 || E10.txt|episode=10|line_id=73|00:04:04.44|00:04:05.58|莱纳德 || E10.txt|episode=10|line_id=74|00:04:05.64|00:04:06.91|-莱纳德  -干嘛 || E10.txt|episode=10|line_id=112|00:05:37.18|00:05:38.84|好吧  莱纳德 || E10.txt|episode=10|line_id=117|00:05:49.45|00:05:50.56|莱纳德 || E10.txt|episode=10|line_id=118|00:05:50.56|00:05:51.70|莱纳德 || E10.txt|episode=10|line_id=119|00:05:51.70|00:05:52.84|莱纳德 || E10.txt|episode=10|line_id=122|00:05:58.04|00:06:00.51|莱纳德  莱纳德 || E10.txt|episode=10|line_id=147|00:06:57.61|00:06:58.81|还记得莱纳德怎么跟你说 || E10.txt|episode=10|line_id=179|00:08:08.93|00:08:10.58|细节  莱纳德 || E10.txt|episode=10|line_id=204|00:09:03.04|00:09:04.28|动动脑子  莱纳德 || E10.txt|episode=10|line_id=240|00:10:35.49|00:10:36.73|没事的  莱纳德 || E10.txt|episode=10|line_id=265|00:11:34.16|00:11:36.76|莱纳德跟我撒了谎  是不是  莱纳德? || E10.txt|episode=10|line_id=268|00:11:43.38|00:11:45.96|莱纳德其实在帮谢尔顿解决家庭危机 || E10.txt|episode=10|line_id=282|00:12:14.13|00:12:15.79|莱纳德要开车送谢尔顿去 || E10.txt|episode=10|line_id=305|00:12:54.93|00:12:57.33|莱纳德要坐前排  否则他会恶心呕吐 || E10.txt|episode=10|line_id=308|00:13:10.14|00:13:11.79|莱纳德 || E10.txt|episode=10|line_id=309|00:13:11.86|00:13:13.63|莱纳德  莱纳德 || E10.txt|episode=10|line_id=364|00:15:41.99|00:15:44.37|莱纳德  这位是托比·鲁本菲尔德 || E10.txt|episode=10|line_id=453|00:20:05.40|00:20:07.06|莱纳德  他是个无家可归的吸毒者 || E11.txt|episode=11|line_id=73|00:05:06.82|00:05:08.56|莱纳德  我病了! || E11.txt|episode=11|line_id=74|00:05:15.19|00:05:17.01|莱纳德  我病了! || E11.txt|episode=11|line_id=75|00:05:29.72|00:05:34.22|莱纳德  我的加衬芯床罩掉了  我一弯腰鼻窦就疼 || E11.txt|episode=11|line_id=109|00:07:42.42|00:07:44.37|霍华德  我是莱纳德  牛奶绿色警报 || E11.txt|episode=11|line_id=113|00:07:51.10|00:07:52.35|是莱纳德! || E11.txt|episode=11|line_id=327|00:20:19.97|00:20:23.25|好的  亲爱的  有好消息  莱纳德回来了 || E11.txt|episode=11|line_id=329|00:20:26.57|00:20:28.92|莱纳德  我饿了 || E13.txt|episode=13|line_id=150|00:05:44.29|00:05:46.51|莱纳德  你说过我只负责提问的 || E13.txt|episode=13|line_id=167|00:06:29.92|00:06:31.03|莱纳德  太好了 || E13.txt|episode=13|line_id=262|00:10:39.75|00:10:42.00|莱纳德  没有任何理由只因为我们 || E13.txt|episode=13|line_id=386|00:16:04.01|00:16:05.69|莱纳德  你急我是没用的 || E13.txt|episode=13|line_id=447|00:19:18.20|00:19:20.40|莱纳德真聪明 || E14.txt|episode=14|line_id=223|00:10:24.93|00:10:26.84|莱纳德  现在可是凌晨2点 || E14.txt|episode=14|line_id=291|00:13:35.39|00:13:36.37|哦  莱纳德 || E14.txt|episode=14|line_id=361|00:16:12.79|00:16:14.24|好了  莱纳德  把盒子放下 || E14.txt|episode=14|line_id=388|00:17:18.46|00:17:21.44|好  听着  如果是因为昨天的事  莱纳德 || E15.txt|episode=15|line_id=39|00:01:42.82|00:01:46.69|米茜  这是莱纳德和拉杰  你已经见过霍华德了 || E15.txt|episode=15|line_id=53|00:02:26.42|00:02:29.23|莱纳德  霍华德  还有... || E15.txt|episode=15|line_id=105|00:05:30.71|00:05:34.24|莱纳德  你短裤忘在楼下的干衣机里了 || E15.txt|episode=15|line_id=161|00:08:34.35|00:08:36.58|-米茜  再见  -再见  莱纳德 || E15.txt|episode=15|line_id=241|00:12:25.17|00:12:28.24|莱纳德让我意识到遗传基因的赌注有多大 || E15.txt|episode=15|line_id=245|00:12:32.84|00:12:35.01|是莱纳德让你意识到的? || E15.txt|episode=15|line_id=342|00:17:32.91|00:17:34.23|-好啊  莱纳德  -好啊  佩妮 || E15.txt|episode=15|line_id=349|00:17:46.04|00:17:47.19|好啊  莱纳德  什么事 || E16.txt|episode=16|line_id=15|00:00:46.38|00:00:48.15|莱纳德  礼拜六我们会 || E16.txt|episode=16|line_id=48|00:01:49.73|00:01:52.17|莱纳德长大后现在是一位实验物理学家 || E16.txt|episode=16|line_id=83|00:03:43.98|00:03:45.09|莱纳德刚走 || E16.txt|episode=16|line_id=91|00:04:00.12|00:04:01.63|我们要在周六给莱纳德 || E16.txt|episode=16|line_id=94|00:04:04.57|00:04:06.76|莱纳德说得很清楚他不想要派对 || E16.txt|episode=16|line_id=100|00:04:21.85|00:04:23.84|区别在这儿...莱纳德享受一次生日派对 || E16.txt|episode=16|line_id=106|00:04:43.03|00:04:45.90|我真嫉妒莱纳德从小到大能免于这份痛苦 || E16.txt|episode=16|line_id=115|00:05:07.02|00:05:09.03|但是无论如何  我们都要给莱纳德开个生日派对 || E16.txt|episode=16|line_id=119|00:05:17.81|00:05:19.52|另外  我真觉得莱纳德并不想... || E16.txt|episode=16|line_id=129|00:05:43.72|00:05:46.35|我们来给莱纳德开一个超级生日派对吧 || E16.txt|episode=16|line_id=172|00:07:54.79|00:07:56.59|给莱纳德准备一份礼物? || E16.txt|episode=16|line_id=178|00:08:09.76|00:08:11.64|霍华德  你得让莱纳德离开房间两小时 || E16.txt|episode=16|line_id=207|00:09:37.84|00:09:40.10|莱纳德需要一个DVD刻录机 || E16.txt|episode=16|line_id=252|00:11:56.89|00:11:58.70|佩妮  如果我要给莱纳德买礼物 || E16.txt|episode=16|line_id=327|00:15:03.41|00:15:05.14|听着  你得再拖住莱纳德一会 || E16.txt|episode=16|line_id=332|00:15:12.28|00:15:13.54|为什么  莱纳德还好吧 || E16.txt|episode=16|line_id=355|00:16:32.33|00:16:34.70|一方面  莱纳德的派对要开始了 || E16.txt|episode=16|line_id=392|00:18:33.88|00:18:37.08|莱纳德  我现在就在你的生日派对上 || E17.txt|episode=17|line_id=16|00:00:44.42|00:00:46.91|你刚才叫莱纳德是个得了梅毒的驴子 || E17.txt|episode=17|line_id=33|00:02:14.21|00:02:16.16|我很好  莱纳德  你走吧 || E17.txt|episode=17|line_id=134|00:07:16.09|00:07:17.46|莱纳德  太感谢你了 || E17.txt|episode=17|line_id=159|00:08:23.92|00:08:26.67|之前  我对那个叫莱纳德的角色是报以同情 || E17.txt|episode=17|line_id=215|00:11:16.60|00:11:17.66|是关于莱纳德 || E17.txt|episode=17|line_id=221|00:11:31.50|00:11:34.21|我想说的是  你最了解莱纳德了 || E17.txt|episode=17|line_id=224|00:11:36.77|00:11:38.63|自己对莱纳德了解的匮乏 || E17.txt|episode=17|line_id=237|00:12:08.01|00:12:09.16|莱纳德可能会回来 || E17.txt|episode=17|line_id=244|00:12:25.48|00:12:28.47|我想你已经知道  莱纳德向我开口了 || E17.txt|episode=17|line_id=251|00:12:41.39|00:12:43.60|你知道  自从我和莱纳德成为朋友以来... || E17.txt|episode=17|line_id=269|00:13:24.20|00:13:25.48|莱纳德他有点 || E17.txt|episode=17|line_id=278|00:13:42.81|00:13:45.91|莱纳德不是那种经常会和我约会的人 || E17.txt|episode=17|line_id=279|00:13:45.92|00:13:48.71|莱纳德不是那种经常会和任何人约会的人 || E17.txt|episode=17|line_id=282|00:13:55.59|00:13:58.20|莱纳德与其他人不同可能是件好事 || E17.txt|episode=17|line_id=287|00:14:09.91|00:14:12.25|但换个角度来说  如果和莱纳德进展不顺利 || E17.txt|episode=17|line_id=335|00:15:58.91|00:16:01.59|现在你和莱纳德潜在的可能 || E17.txt|episode=17|line_id=339|00:16:08.33|00:16:11.51|明白了  你是说我应该先跟莱纳德处处看",141
Leonard,里奥纳德,Leonard,likely_valid_alias,E12 中连续多次出现的同一角色中文译名变体，语境明确指向 Leonard。；证据（5条，格式=file|episode|line_id|start|end|原始台词）：E12.txt|episode=12|line_id=85|00:03:36.83|00:03:38.36|里奥纳德 || E12.txt|episode=12|line_id=98|00:04:02.18|00:04:03.25|带他出去  里奥纳德 || E12.txt|episode=12|line_id=145|00:06:08.56|00:06:10.74|因为我们喜欢里奥纳德 || E12.txt|episode=12|line_id=234|00:09:46.84|00:09:48.95|里奥纳德叫你这么说的吗 || E12.txt|episode=12|line_id=248|00:10:35.96|00:10:37.87|里奥纳德  我们需要干点什么了,5
Leonard,莱纳德.霍夫斯塔德,Leonard Hofstadter,likely_valid_alias,完整姓名的字幕表面形式（句点分隔），呼叫语境明确指向 Leonard。；证据（2条，格式=file|episode|line_id|start|end|原始台词）：E07.txt|episode=7|line_id=2|00:00:05.47|00:00:07.65|呼叫莱纳德.霍夫斯塔德 || E07.txt|episode=7|line_id=5|00:00:14.40|00:00:17.60|呼叫莱纳德.霍夫斯塔德,2
Leonard,莱纳德·霍夫斯塔德博士,Dr. Leonard Hofstadter,likely_valid_alias,“完整姓名+博士”形式，角色自我介绍中明确出现。；证据（1条，格式=file|episode|line_id|start|end|原始台词）：E09.txt|episode=9|line_id=356|00:15:50.85|00:15:52.94|我是莱纳德·霍夫斯塔德博士,1
Leonard,霍夫斯塔德博士,Dr. Hofstadter,likely_valid_alias,以姓氏+职称直接称呼 Leonard。；证据（2条，格式=file|episode|line_id|start|end|原始台词）：E09.txt|episode=9|line_id=356|00:15:50.85|00:15:52.94|我是莱纳德·霍夫斯塔德博士 || E12.txt|episode=12|line_id=19|00:00:54.78|00:00:55.79|霍夫斯塔德博士,1
Leonard,里克,Leakey,likely_valid_alias,Leonard 明确说“我的中间名是里克”；按任务定义，名/中间名属于名字候选。；证据（1条，格式=file|episode|line_id|start|end|原始台词）：E06.txt|episode=6|line_id=95|00:05:18.83|00:05:22.18|没人需要知道我的中间名是里克,1
Leonard,种马博士,Dr. Stud,likely_valid_alias,人工复核确认该表面形式属于所列角色的名字/别名。；证据（7条，格式=file|episode|line_id|start|end|原始台词）：E05.txt|episode=5|line_id=327|00:17:18.84|00:17:21.19|莱纳德 拜托了 你噎到我了 || E05.txt|episode=5|line_id=328|00:17:21.29|00:17:22.17|抱歉 || E05.txt|episode=5|line_id=329|00:17:23.40|00:17:23.93|瞧瞧 || E05.txt|episode=5|line_id=330|00:17:24.03|00:17:26.39|这不是种马博士吗! || E05.txt|episode=5|line_id=331|00:17:27.57|00:17:28.46|什么博士? || E05.txt|episode=5|line_id=332|00:17:28.56|00:17:30.20|博客界的人都因为你跟莱斯利 || E05.txt|episode=5|line_id=333|00:17:30.30|00:17:34.97|奏响的嘿休小夜曲兴奋不已呢!,1
Penny,佩妮,Penny,likely_valid_alias,"全剧多次直接以“佩妮”称呼或指称该主要角色，并有自我介绍“我叫佩妮”。；证据（126条，格式=file|episode|line_id|start|end|原始台词）：E01.txt|episode=1|line_id=71|00:03:47.29|00:03:49.16|看来你们就是我的新邻居了  我叫佩妮 || E01.txt|episode=1|line_id=141|00:07:31.46|00:07:32.46|佩妮... || E01.txt|episode=1|line_id=201|00:10:35.64|00:10:37.09|这就是佩妮的故事了 || E01.txt|episode=1|line_id=286|00:14:53.13|00:14:55.44|我是佩妮  我在乳酪蛋糕店工作 || E01.txt|episode=1|line_id=317|00:16:28.22|00:16:31.23|不错  我可以留在那儿看着沃尔维茨勾引佩妮 || E01.txt|episode=1|line_id=327|00:16:56.89|00:16:58.51|佩妮和她前男友有过争吵 || E01.txt|episode=1|line_id=370|00:19:44.18|00:19:47.54|我是指望和佩妮能建立关系 || E02.txt|episode=2|line_id=46|00:02:01.89|00:02:03.10|佩妮  等等 || E02.txt|episode=2|line_id=123|00:06:32.16|00:06:33.62|佩妮这也就是有一点点乱 || E02.txt|episode=2|line_id=152|00:07:48.30|00:07:50.25|-好啊  两位  -好啊  佩妮 || E02.txt|episode=2|line_id=160|00:08:06.41|00:08:07.70|佩妮 || E02.txt|episode=2|line_id=170|00:09:18.32|00:09:19.71|佩妮在睡觉 || E02.txt|episode=2|line_id=178|00:09:39.29|00:09:41.16|你有没有意识到如果佩妮醒过来 || E02.txt|episode=2|line_id=210|00:11:22.37|00:11:25.16|但是我认为这能很好的提高佩妮的生活质量 || E02.txt|episode=2|line_id=222|00:11:57.78|00:11:58.88|佩妮起来了 || E02.txt|episode=2|line_id=248|00:13:10.05|00:13:11.60|佩妮  我认为你现在的感觉非常正常 || E02.txt|episode=2|line_id=253|00:13:21.21|00:13:23.55|佩妮  佩妮  等等 || E02.txt|episode=2|line_id=310|00:16:42.73|00:16:45.01|但是我在走廊里和佩妮聊天来着 || E02.txt|episode=2|line_id=311|00:16:45.70|00:16:49.01|真的假的  你拉杰·库萨帕里和佩妮说话了? || E02.txt|episode=2|line_id=324|00:17:51.62|00:17:56.18|佩妮  就象奥本海默 || E03.txt|episode=3|line_id=54|00:02:37.74|00:02:41.58|佩妮 邮差又...  哦 抱歉 || E03.txt|episode=3|line_id=68|00:03:24.69|00:03:27.17|呆呆地在想什么呢? (此谚语中正好有佩妮一词) || E03.txt|episode=3|line_id=70|00:03:29.50|00:03:32.11|我很好 佩妮也很好 || E03.txt|episode=3|line_id=88|00:04:28.18|00:04:29.79|不 我和佩妮结束了 || E03.txt|episode=3|line_id=209|00:11:07.64|00:11:09.80|这都是因为佩妮吧 || E03.txt|episode=3|line_id=213|00:11:17.52|00:11:23.15|我认为你能跟佩妮做爱的几率 || E03.txt|episode=3|line_id=228|00:12:09.08|00:12:11.65|下午好 佩妮 嗨 你好 || E04.txt|episode=4|line_id=177|00:09:15.50|00:09:16.55|我刚碰到佩妮 || E04.txt|episode=4|line_id=225|00:11:54.00|00:11:55.69|跟佩妮去超市 || E05.txt|episode=5|line_id=54|00:01:56.30|00:01:57.56|莱斯利 他是佩妮 || E05.txt|episode=5|line_id=95|00:03:35.08|00:03:38.03|佩妮说""你们本可以做一对甜蜜情侣"" 什么意思? || E05.txt|episode=5|line_id=102|00:03:56.06|00:03:58.45|如果佩妮不知道莱斯利拒绝过我 || E05.txt|episode=5|line_id=104|00:04:00.43|00:04:02.85|即 她(佩妮)认为我应该追她(莱斯利) || E05.txt|episode=5|line_id=105|00:04:02.95|00:04:05.86|表明她(佩妮)对于我 追求她(佩妮)并无兴趣 || E05.txt|episode=5|line_id=108|00:04:11.28|00:04:14.13|那么她(佩妮)可能只是安慰我 || E05.txt|episode=5|line_id=149|00:06:30.14|00:06:31.37|佩妮? || E05.txt|episode=5|line_id=159|00:06:54.06|00:06:56.92|我和佩妮之间没什么 || E05.txt|episode=5|line_id=284|00:14:58.87|00:15:00.71|谁在乎佩妮怎么想? || E05.txt|episode=5|line_id=373|00:19:26.75|00:19:29.89|废话+关于佩妮无望的幻想+废话 || E06.txt|episode=6|line_id=31|00:01:30.18|00:01:31.59|嗯 我不能确定 佩妮... || E06.txt|episode=6|line_id=90|00:05:04.13|00:05:07.13|这次派对是佩妮第一次 || E06.txt|episode=6|line_id=100|00:05:35.60|00:05:38.04|佩妮可以把我当成她的同伴看待 || E06.txt|episode=6|line_id=152|00:08:25.49|00:08:28.38|佩妮的那件猫女装是我见过最丑的 || E06.txt|episode=6|line_id=174|00:09:39.19|00:09:40.83|我想去认识佩妮的朋友们 || E06.txt|episode=6|line_id=215|00:11:40.10|00:11:42.07|那是佩妮的前男友 || E06.txt|episode=6|line_id=222|00:11:58.23|00:12:03.08|很明显他是不请自来 佩妮看都不想看他 || E06.txt|episode=6|line_id=243|00:12:58.75|00:12:59.86|嗨 佩妮 || E06.txt|episode=6|line_id=260|00:13:37.75|00:13:39.23|我正和佩妮说话呢 || E06.txt|episode=6|line_id=261|00:13:39.23|00:13:41.17|我想我们都在和佩妮说话 || E06.txt|episode=6|line_id=282|00:14:30.36|00:14:33.48|佩妮 没关系 我可以处理 || E06.txt|episode=6|line_id=326|00:16:54.69|00:16:55.97|嗨 佩妮 || E06.txt|episode=6|line_id=348|00:18:16.03|00:18:17.38|佩妮? || E07.txt|episode=7|line_id=21|00:01:07.38|00:01:08.49|嘿 佩妮 请进 || E07.txt|episode=7|line_id=68|00:03:49.80|00:03:50.97|哦 佩妮 佩妮 佩妮 || E07.txt|episode=7|line_id=84|00:04:34.89|00:04:36.08|佩妮 你太火爆了! || E07.txt|episode=7|line_id=98|00:05:11.55|00:05:13.05|佩妮 我们这么合作愉快 || E07.txt|episode=7|line_id=106|00:05:34.30|00:05:37.14|还有件事... 游戏规则是佩妮一位 || E07.txt|episode=7|line_id=133|00:06:51.28|00:06:55.72|抱歉 你是说假如留佩妮在这过夜 我们有可能被逼的自相残杀吗? || E07.txt|episode=7|line_id=177|00:10:19.46|00:10:21.95|佩妮还睡着呢 || E07.txt|episode=7|line_id=219|00:12:18.28|00:12:20.57|佩妮 你想过来随时都可以啊 || E07.txt|episode=7|line_id=228|00:12:34.57|00:12:37.04|克里斯汀住霍华德那里 佩妮回自己房间 || E07.txt|episode=7|line_id=285|00:15:24.92|00:15:27.62|要不是你不让我请佩妮 现在正好四个人 || E07.txt|episode=7|line_id=286|00:15:27.63|00:15:29.28|你见过佩妮怎么吃中国菜吗? || E07.txt|episode=7|line_id=314|00:16:47.78|00:16:49.04|佩妮... || E07.txt|episode=7|line_id=320|00:17:07.03|00:17:09.21|在佩妮看来 这是跳舞之夜 || E08.txt|episode=8|line_id=164|00:07:36.88|00:07:38.39|你知道 佩妮 我们很乐意帮助你 || E08.txt|episode=8|line_id=201|00:09:22.97|00:09:25.32|我的人生驶向何方 佩妮? || E08.txt|episode=8|line_id=206|00:09:37.86|00:09:40.30|这儿还有别人叫佩妮? || E08.txt|episode=8|line_id=235|00:10:49.20|00:10:51.74|你好 佩妮 怎么样? || E08.txt|episode=8|line_id=310|00:14:22.79|00:14:26.27|拉丽塔 这是莱纳德 谢尔顿 霍华德 还有佩妮 || E09.txt|episode=9|line_id=205|00:09:13.88|00:09:15.74|你好  佩妮 || E09.txt|episode=9|line_id=212|00:09:44.04|00:09:46.07|佩妮  为了避免你感觉更加尴尬 || E09.txt|episode=9|line_id=266|00:12:03.25|00:12:04.72|你是想取悦佩妮? || E09.txt|episode=9|line_id=278|00:12:30.00|00:12:31.61|再见  佩妮 || E10.txt|episode=10|line_id=61|00:02:53.84|00:02:55.38|你刚才对佩妮撒了谎 || E10.txt|episode=10|line_id=89|00:04:45.97|00:04:49.64|卷入了你对佩妮的欺骗事件我感到很不舒服 || E10.txt|episode=10|line_id=125|00:06:05.01|00:06:07.01|佩妮要是看穿了我们的骗局  我们就危险了 || E10.txt|episode=10|line_id=135|00:06:35.24|00:06:36.38|佩妮 || E10.txt|episode=10|line_id=136|00:06:36.44|00:06:37.58|佩妮 || E10.txt|episode=10|line_id=137|00:06:37.64|00:06:38.98|佩妮 || E10.txt|episode=10|line_id=172|00:07:54.03|00:07:56.11|佩妮现在已经相信 || E10.txt|episode=10|line_id=210|00:09:15.38|00:09:17.94|没错  并且  要是佩妮再邀请我们听她唱歌 || E10.txt|episode=10|line_id=219|00:09:37.94|00:09:39.84|我对佩妮说如果你发现 || E10.txt|episode=10|line_id=228|00:10:05.58|00:10:06.14|佩妮 || E10.txt|episode=10|line_id=245|00:10:45.63|00:10:47.75|佩妮正要去一个 || E10.txt|episode=10|line_id=286|00:12:23.93|00:12:24.96|谢谢  佩妮 || E10.txt|episode=10|line_id=385|00:16:40.79|00:16:42.33|早  佩妮 || E10.txt|episode=10|line_id=391|00:16:57.69|00:17:01.56|里奥  这位是佩妮 || E10.txt|episode=10|line_id=395|00:17:11.06|00:17:13.19|佩妮  问你个问题 || E10.txt|episode=10|line_id=450|00:19:50.16|00:19:52.44|佩妮  每天都能有这么一次就够了 || E11.txt|episode=11|line_id=34|00:02:06.37|00:02:09.37|佩妮  你要原谅谢尔顿  他有点病理恐惧 || E11.txt|episode=11|line_id=154|00:09:59.25|00:10:01.98|佩妮  我的智商是187 || E11.txt|episode=11|line_id=241|00:15:07.83|00:15:09.53|佩妮吗 || E11.txt|episode=11|line_id=326|00:20:17.74|00:20:19.87|佩妮  我饿了 || E11.txt|episode=11|line_id=330|00:20:28.93|00:20:31.21|佩妮  把我带上吧 || E11.txt|episode=11|line_id=332|00:21:01.56|00:21:05.04|你觉得佩妮会过来照顾咱们吗 || E11.txt|episode=11|line_id=333|00:21:06.02|00:21:09.13|我觉得佩妮再也不会到这来了 || E13.txt|episode=13|line_id=102|00:04:06.49|00:04:08.49|我叫佩妮  将担任主持人 || E14.txt|episode=14|line_id=90|00:04:16.16|00:04:17.24|你好  佩妮 || E14.txt|episode=14|line_id=260|00:11:58.49|00:12:02.77|像佩妮这样的女孩是不会和玩时间机器的人在一起的 || E14.txt|episode=14|line_id=262|00:12:04.85|00:12:06.97|你追求佩妮失败的经历 || E14.txt|episode=14|line_id=280|00:12:52.49|00:12:53.27|你好  佩妮 || E14.txt|episode=14|line_id=309|00:14:36.39|00:14:37.61|这和佩妮有关 || E14.txt|episode=14|line_id=405|00:17:57.03|00:17:58.81|-佩妮  -麦克 || E15.txt|episode=15|line_id=113|00:06:06.34|00:06:09.10|佩妮  这是谢尔顿的孪生妹妹  米茜 || E15.txt|episode=15|line_id=114|00:06:09.10|00:06:12.55|-米茜  这是我们的邻居佩妮  -你们看起来长得不像啊 || E15.txt|episode=15|line_id=162|00:08:36.58|00:08:38.63|对...不...再见  佩妮 || E15.txt|episode=15|line_id=166|00:08:46.67|00:08:48.18|那又怎么样  你已经有佩妮了 || E15.txt|episode=15|line_id=167|00:08:48.18|00:08:49.48|我怎么有佩妮了? || E15.txt|episode=15|line_id=168|00:08:49.48|00:08:51.87|我到底哪门子有佩妮了? || E15.txt|episode=15|line_id=321|00:16:32.63|00:16:34.46|谢尔顿的妹妹躲在佩妮家里 || E15.txt|episode=15|line_id=342|00:17:32.91|00:17:34.23|-好啊  莱纳德  -好啊  佩妮 || E16.txt|episode=16|line_id=82|00:03:43.00|00:03:43.98|好  佩妮 || E16.txt|episode=16|line_id=252|00:11:56.89|00:11:58.70|佩妮  如果我要给莱纳德买礼物 || E16.txt|episode=16|line_id=287|00:13:22.07|00:13:23.89|-谢尔顿  我们该走了  -现在不行  佩妮 || E16.txt|episode=16|line_id=325|00:15:00.63|00:15:02.21|佩妮  我遇到状况了 || E16.txt|episode=16|line_id=402|00:19:17.16|00:19:20.27|佩妮  你生日是什么时候? || E17.txt|episode=17|line_id=32|00:02:12.69|00:02:14.09|佩妮  你还好吧 || E17.txt|episode=17|line_id=37|00:02:31.96|00:02:34.68|没什么惊讶的  佩妮的情感来自于 || E17.txt|episode=17|line_id=48|00:03:09.99|00:03:11.90|是佩妮男朋友的  他们分手了 || E17.txt|episode=17|line_id=148|00:07:54.28|00:07:56.37|让佩妮回到她前男友身边的吧 || E17.txt|episode=17|line_id=176|00:09:22.53|00:09:24.58|佩妮  我也很难过 || E17.txt|episode=17|line_id=351|00:16:43.62|00:16:45.21|不  是关于佩妮的 || E17.txt|episode=17|line_id=352|00:16:45.22|00:16:47.20|关于佩妮的错误 || E17.txt|episode=17|line_id=360|00:17:05.08|00:17:07.07|现在我真的要和佩妮去约会了 || E17.txt|episode=17|line_id=372|00:17:32.56|00:17:35.22|并且承认佩妮就是上帝安排给你的另一半",129
Howard,霍华德,Howard,likely_valid_alias,全剧多次直接以“霍华德”称呼或指称该主要角色，是稳定中文名字形式。；证据（61条，格式=file|episode|line_id|start|end|原始台词）：E01.txt|episode=1|line_id=282|00:14:41.53|00:14:44.60|我是霍华德·沃尔维茨  加州工学院应用物理系学生 || E01.txt|episode=1|line_id=292|00:15:07.20|00:15:08.91|还是留着博客上说吧  霍华德 || E02.txt|episode=2|line_id=4|00:00:07.98|00:00:10.82|大家都盯着点霍华德以防他肿起来 || E02.txt|episode=2|line_id=16|00:00:41.29|00:00:42.71|霍华德  你没肿 || E03.txt|episode=3|line_id=102|00:05:08.67|00:05:11.96|霍华德 如果我要约莱斯利·温克出去 也只是吃顿饭 || E03.txt|episode=3|line_id=242|00:12:41.67|00:12:44.71|对 谢尔顿 霍华德 拉杰 他们都一起吧? || E03.txt|episode=3|line_id=326|00:16:46.93|00:16:50.25|拉杰跟霍华德要工作 谢尔顿... || E04.txt|episode=4|line_id=43|00:01:57.68|00:01:59.15|霍华德带了女伴? || E04.txt|episode=4|line_id=48|00:02:12.23|00:02:14.01|霍华德 我说了碰我要加钱的 || E04.txt|episode=4|line_id=53|00:02:22.81|00:02:26.04|霍华德 见到你很高兴 你是? || E05.txt|episode=5|line_id=57|00:02:02.85|00:02:05.18|霍华德 我已经说了 别这样 || E07.txt|episode=7|line_id=49|00:02:26.85|00:02:28.00|霍华德哪去了? || E07.txt|episode=7|line_id=53|00:03:03.78|00:03:07.99|真不敢相信克里斯汀居然让霍华德进我家 || E07.txt|episode=7|line_id=112|00:05:51.27|00:05:53.76|呃 霍华德和克里斯汀好像... || E07.txt|episode=7|line_id=116|00:06:01.04|00:06:05.15|据我的经验 他们不是在做爱 就是霍华德被困在挤奶机里了 || E07.txt|episode=7|line_id=204|00:11:42.15|00:11:42.99|霍华德? || E07.txt|episode=7|line_id=212|00:12:01.19|00:12:03.89|对 你们是霍华德的随从 || E07.txt|episode=7|line_id=214|00:12:07.91|00:12:11.53|霍华德说带我去比佛利山购物 || E07.txt|episode=7|line_id=228|00:12:34.57|00:12:37.04|克里斯汀住霍华德那里 佩妮回自己房间 || E07.txt|episode=7|line_id=245|00:13:27.02|00:13:28.97|霍华德 你看不出来她在利用你吗? || E07.txt|episode=7|line_id=247|00:13:32.28|00:13:34.30|霍华德 我了解她 懂吗? || E07.txt|episode=7|line_id=344|00:18:17.71|00:18:19.46|嗨 我是霍华德 沃罗威茨 || E07.txt|episode=7|line_id=350|00:18:36.50|00:18:39.73|你这是让霍华德在性爱和光晕中做抉择 || E07.txt|episode=7|line_id=357|00:18:59.75|00:19:02.87|好方便你和霍华德叉叉? || E07.txt|episode=7|line_id=359|00:19:06.23|00:19:08.58|闭嘴 霍华德 || E08.txt|episode=8|line_id=310|00:14:22.79|00:14:26.27|拉丽塔 这是莱纳德 谢尔顿 霍华德 还有佩妮 || E09.txt|episode=9|line_id=32|00:01:34.53|00:01:37.09|霍华德  开启公共接入功能 || E09.txt|episode=9|line_id=104|00:05:01.23|00:05:03.46|闭嘴  霍华德 || E09.txt|episode=9|line_id=414|00:18:10.52|00:18:11.67|霍华德 || E10.txt|episode=10|line_id=252|00:11:02.69|00:11:03.59|霍华德  对不...我们... || E10.txt|episode=10|line_id=255|00:11:12.23|00:11:13.76|-霍华德  听着...  -不  没关系 || E10.txt|episode=10|line_id=260|00:11:22.19|00:11:24.29|霍华德  等等 || E11.txt|episode=11|line_id=102|00:07:14.66|00:07:17.61|霍华德  电话响了! || E11.txt|episode=11|line_id=109|00:07:42.42|00:07:44.37|霍华德  我是莱纳德  牛奶绿色警报 || E11.txt|episode=11|line_id=124|00:08:18.33|00:08:20.21|霍华德  我病了 || E11.txt|episode=11|line_id=125|00:08:25.47|00:08:29.39|霍华德在睡觉呢  我是他妈! || E12.txt|episode=12|line_id=113|00:04:49.95|00:04:52.09|给霍华德一个拥抱怎样? || E12.txt|episode=12|line_id=114|00:04:52.66|00:04:55.29|当然可以  拉杰  抱抱霍华德 || E12.txt|episode=12|line_id=270|00:11:24.18|00:11:25.61|霍华德  他才15岁 || E12.txt|episode=12|line_id=288|00:12:10.10|00:12:11.14|霍华德  那是种族歧视 || E12.txt|episode=12|line_id=358|00:15:04.77|00:15:07.60|霍华德  你是个犹太人 || E12.txt|episode=12|line_id=396|00:16:32.13|00:16:33.95|霍华德  你去吧 || E13.txt|episode=13|line_id=128|00:04:56.88|00:04:57.64|霍华德 || E13.txt|episode=13|line_id=156|00:05:59.51|00:06:01.24|-霍华德  坐下  -好吧 || E13.txt|episode=13|line_id=191|00:07:21.25|00:07:23.62|霍华德  拉杰和我刚开了个团队会议 || E14.txt|episode=14|line_id=114|00:05:15.76|00:05:18.58|霍华德到外面去吐了 || E15.txt|episode=15|line_id=22|00:00:58.99|00:01:00.63|-霍华德  -我知道  我很恶心 || E15.txt|episode=15|line_id=36|00:01:35.48|00:01:37.73|霍华德·沃尔维茨驾到 || E15.txt|episode=15|line_id=39|00:01:42.82|00:01:46.69|米茜  这是莱纳德和拉杰  你已经见过霍华德了 || E15.txt|episode=15|line_id=53|00:02:26.42|00:02:29.23|莱纳德  霍华德  还有... || E15.txt|episode=15|line_id=360|00:18:25.03|00:18:26.72|有什么能为你效劳的  霍华德? || E15.txt|episode=15|line_id=364|00:18:36.53|00:18:37.73|你好  霍华德 || E15.txt|episode=15|line_id=365|00:18:37.73|00:18:39.59|是神奇的霍华德 || E16.txt|episode=16|line_id=79|00:03:23.91|00:03:25.90|霍华德  城里每家泰国餐馆 || E16.txt|episode=16|line_id=99|00:04:21.28|00:04:21.85|霍华德 || E16.txt|episode=16|line_id=135|00:06:22.41|00:06:23.47|是不是拉杰和霍华德? || E16.txt|episode=16|line_id=178|00:08:09.76|00:08:11.64|霍华德  你得让莱纳德离开房间两小时 || E16.txt|episode=16|line_id=383|00:17:48.87|00:17:50.03|霍华德 || E16.txt|episode=16|line_id=397|00:18:52.81|00:18:55.09|提醒我  我要把她介绍给霍华德 || E17.txt|episode=17|line_id=56|00:03:32.55|00:03:34.18|我才不会趁人之危  霍华德 || E17.txt|episode=17|line_id=137|00:07:34.52|00:07:36.83|霍华德  我想我还需要继续上中文课,58
Howard,霍华德·沃尔维茨,Howard Wolowitz,likely_valid_alias,完整姓名形式，角色自我介绍/出场语境明确出现。；证据（2条，格式=file|episode|line_id|start|end|原始台词）：E01.txt|episode=1|line_id=282|00:14:41.53|00:14:44.60|我是霍华德·沃尔维茨  加州工学院应用物理系学生 || E15.txt|episode=15|line_id=36|00:01:35.48|00:01:37.73|霍华德·沃尔维茨驾到,2
Howard,沃尔维茨,Wolowitz,likely_valid_alias,字幕多次以姓氏直接指称 Howard。；证据（8条，格式=file|episode|line_id|start|end|原始台词）：E01.txt|episode=1|line_id=161|00:08:44.75|00:08:47.47|不是吧  库萨帕里和沃尔维茨就经常过来 || E01.txt|episode=1|line_id=282|00:14:41.53|00:14:44.60|我是霍华德·沃尔维茨  加州工学院应用物理系学生 || E01.txt|episode=1|line_id=317|00:16:28.22|00:16:31.23|不错  我可以留在那儿看着沃尔维茨勾引佩妮 || E13.txt|episode=13|line_id=371|00:15:15.09|00:15:17.03|沃尔维茨先生  这是第二次警告你了 || E15.txt|episode=15|line_id=36|00:01:35.48|00:01:37.73|霍华德·沃尔维茨驾到 || E15.txt|episode=15|line_id=192|00:10:01.13|00:10:04.53|我的意思是  库萨帕里和沃尔维茨 || E17.txt|episode=17|line_id=217|00:11:19.00|00:11:21.21|为什么不和库萨帕里或者沃尔维茨聊 || E17.txt|episode=17|line_id=219|00:11:23.97|00:11:26.59|而沃尔维茨  你知道的  他令人恶心,5
Howard,沃尔维茨先生,Mr. Wolowitz,likely_valid_alias,“姓氏+先生”称谓，比赛场景中直接指向 Howard。；证据（1条，格式=file|episode|line_id|start|end|原始台词）：E13.txt|episode=13|line_id=371|00:15:15.09|00:15:17.03|沃尔维茨先生  这是第二次警告你了,1
Howard,沃罗威茨,Wolowitz,likely_valid_alias,“沃尔维茨”的稳定字幕译名变体；E07 中 Howard 还明确说“我姓沃罗威茨”。；证据（12条，格式=file|episode|line_id|start|end|原始台词）：E03.txt|episode=3|line_id=180|00:09:18.76|00:09:21.85|一如既往 沃罗威茨会有解决办法的 || E06.txt|episode=6|line_id=11|00:00:40.80|00:00:45.42|不行 我想说说沃罗威茨从背后袭击我的事 || E06.txt|episode=6|line_id=75|00:04:18.87|00:04:20.91|我说 看看沃罗威茨 他也不是英国人 || E07.txt|episode=7|line_id=234|00:12:49.99|00:12:52.65|我们去沃罗威茨之家修缮一下吧? || E07.txt|episode=7|line_id=237|00:12:57.41|00:12:59.54|我姓沃罗威茨 || E07.txt|episode=7|line_id=252|00:13:55.95|00:13:59.05|很抱歉 没有沃罗威茨我们没法吃 || E07.txt|episode=7|line_id=253|00:13:59.06|00:14:02.15|没有沃罗威茨我们就不能吃中餐? || E07.txt|episode=7|line_id=283|00:15:20.41|00:15:23.25|跟你说 没沃罗威茨就是不行 || E07.txt|episode=7|line_id=284|00:15:23.26|00:15:24.91|沃罗威茨和新女朋友在一起 || E07.txt|episode=7|line_id=308|00:16:28.31|00:16:31.40|因为沃罗威茨在陪你朋友克里斯汀 || E07.txt|episode=7|line_id=311|00:16:36.52|00:16:40.36|没错 但是沃罗威茨没空 || E07.txt|episode=7|line_id=344|00:18:17.71|00:18:19.46|嗨 我是霍华德 沃罗威茨,11
Howard,霍华德 沃罗威茨,Howard Wolowitz,likely_valid_alias,完整姓名的字幕空格表面变体，Howard 自我介绍时明确出现。；证据（1条，格式=file|episode|line_id|start|end|原始台词）：E07.txt|episode=7|line_id=344|00:18:17.71|00:18:19.46|嗨 我是霍华德 沃罗威茨,1
Howard,小水泡,Bubula,likely_valid_alias,"人工复核确认该表面形式属于所列角色的名字/别名。；证据（6条，格式=file|episode|line_id|start|end|原始台词）：E12.txt|episode=12|line_id=225|00:09:26.54|00:09:27.75|谢尔顿 || E12.txt|episode=12|line_id=226|00:09:27.76|00:09:29.47|我办公室里有这么张证书 || E12.txt|episode=12|line_id=227|00:09:29.48|00:09:32.34|上面写着我获得了工程硕士学位 || E12.txt|episode=12|line_id=228|00:09:32.35|00:09:33.62|并且这里还有张你妈妈给你写的字条 || E12.txt|episode=12|line_id=229|00:09:33.63|00:09:35.97|上面写着  ""我爱你  小水泡"" || E12.txt|episode=12|line_id=230|00:09:38.13|00:09:39.81|但是哪个都不是能证明",1
Rajesh,拉杰,Raj,likely_valid_alias,"全剧多次直接以“拉杰”称呼或指称该主要角色，是稳定中文名字形式。；证据（46条，格式=file|episode|line_id|start|end|原始台词）：E01.txt|episode=1|line_id=413|00:21:53.95|00:21:55.17|你觉得呢  拉杰? || E02.txt|episode=2|line_id=35|00:01:36.45|00:01:37.66|嘿  拉杰 || E02.txt|episode=2|line_id=273|00:14:44.42|00:14:45.54|嘿  拉杰 || E02.txt|episode=2|line_id=311|00:16:45.70|00:16:49.01|真的假的  你拉杰·库萨帕里和佩妮说话了? || E02.txt|episode=2|line_id=374|00:20:26.82|00:20:28.78|我和拉杰搞定氧乙炔喷焊器 || E03.txt|episode=3|line_id=9|00:00:34.54|00:00:36.45|拉杰 推开大门 || E03.txt|episode=3|line_id=20|00:01:00.55|00:01:02.56|拉杰 不要 这是个陷阱! 他们在夹击我们! || E03.txt|episode=3|line_id=22|00:01:04.50|00:01:07.10|谢尔顿 他打中拉杰了 快用你的催眠咒! || E03.txt|episode=3|line_id=25|00:01:13.20|00:01:14.81|别管剑了 谢尔顿 快救拉杰! || E03.txt|episode=3|line_id=242|00:12:41.67|00:12:44.71|对 谢尔顿 霍华德 拉杰 他们都一起吧? || E03.txt|episode=3|line_id=326|00:16:46.93|00:16:50.25|拉杰跟霍华德要工作 谢尔顿... || E06.txt|episode=6|line_id=73|00:04:14.24|00:04:17.40|""不不 拉杰只能演印度神仙"" || E07.txt|episode=7|line_id=9|00:00:30.37|00:00:33.62|正在呼叫拉杰.库萨帕里 || E07.txt|episode=7|line_id=59|00:03:25.16|00:03:29.48|现在想玩团队 只能把拉杰剖两半 || E07.txt|episode=7|line_id=82|00:04:29.28|00:04:31.13|拉杰 拉杰! 她把我逼到死角了 掩护我! || E07.txt|episode=7|line_id=103|00:05:24.49|00:05:26.99|和你聊天很愉快 拉杰 || E07.txt|episode=7|line_id=105|00:05:31.81|00:05:33.89|她是个迷 拉杰 || E07.txt|episode=7|line_id=381|00:20:01.33|00:20:02.73|拉杰! 干掉谢尔顿! || E07.txt|episode=7|line_id=388|00:20:14.79|00:20:16.23|拉杰 跳进坦克里! || E08.txt|episode=8|line_id=48|00:02:02.71|00:02:05.86|拉杰 你还记得拉丽塔·古塔吗? || E08.txt|episode=8|line_id=54|00:02:17.20|00:02:18.49|你已经26岁了 拉杰 || E08.txt|episode=8|line_id=117|00:05:18.74|00:05:21.08|嗨 拉杰 我是拉丽塔·古塔 || E08.txt|episode=8|line_id=130|00:05:53.26|00:05:55.85|喂 拉丽塔? 我是拉杰·库萨帕里 || E08.txt|episode=8|line_id=165|00:07:38.40|00:07:40.81|但拉杰现在正遇到了点麻烦 || E08.txt|episode=8|line_id=168|00:07:48.79|00:07:53.03|拉杰现在很痛苦 所以愿意尝试喝酒 || E08.txt|episode=8|line_id=176|00:08:10.63|00:08:12.47|好吧 拉杰 你要什么? || E08.txt|episode=8|line_id=196|00:09:06.43|00:09:08.22|拉杰 给你 || E08.txt|episode=8|line_id=228|00:10:31.39|00:10:32.39|呃 拉杰 || E08.txt|episode=8|line_id=230|00:10:36.29|00:10:39.20|拉杰 亲爱的 你说你不能跟女人说话 || E08.txt|episode=8|line_id=329|00:15:19.69|00:15:21.19|不要骂人 拉杰 || E08.txt|episode=8|line_id=367|00:16:47.52|00:16:49.58|也不全是拉杰的错 || E08.txt|episode=8|line_id=380|00:17:18.92|00:17:21.93|我们寄给你的四角裤你穿着吧 拉杰? || E08.txt|episode=8|line_id=391|00:17:46.00|00:17:48.63|接受吧 拉杰 我连一句对不起都没收到过 || E12.txt|episode=12|line_id=114|00:04:52.66|00:04:55.29|当然可以  拉杰  抱抱霍华德 || E13.txt|episode=13|line_id=115|00:04:30.24|00:04:32.56|谢了  拉杰  是香草味的油 || E13.txt|episode=13|line_id=191|00:07:21.25|00:07:23.62|霍华德  拉杰和我刚开了个团队会议 || E13.txt|episode=13|line_id=241|00:09:41.18|00:09:43.61|拉杰  我们不能让情景喜剧演员 || E14.txt|episode=14|line_id=362|00:16:14.46|00:16:15.88|-我们谈谈  -抱歉  拉杰 || E15.txt|episode=15|line_id=12|00:00:32.50|00:00:33.72|我怎么知道  拉杰 || E15.txt|episode=15|line_id=39|00:01:42.82|00:01:46.69|米茜  这是莱纳德和拉杰  你已经见过霍华德了 || E15.txt|episode=15|line_id=55|00:02:58.03|00:02:59.26|拉杰 || E15.txt|episode=15|line_id=122|00:06:28.94|00:06:30.60|那太好了  拉杰 || E16.txt|episode=16|line_id=135|00:06:22.41|00:06:23.47|是不是拉杰和霍华德? || E16.txt|episode=16|line_id=140|00:06:32.51|00:06:34.32|拉杰给他买了一个特别赞的 || E16.txt|episode=16|line_id=180|00:08:12.26|00:08:13.59|然后拉杰  你把东西搬到对面 || E17.txt|episode=17|line_id=218|00:11:21.22|00:11:23.96|拉杰不能和我说话  除非他喝醉了",44
Rajesh,拉杰·库萨帕里,Rajesh Koothrappali,likely_valid_alias,完整姓名形式，含明确自我介绍/直接称呼。；证据（2条，格式=file|episode|line_id|start|end|原始台词）：E02.txt|episode=2|line_id=311|00:16:45.70|00:16:49.01|真的假的  你拉杰·库萨帕里和佩妮说话了? || E08.txt|episode=8|line_id=130|00:05:53.26|00:05:55.85|喂 拉丽塔? 我是拉杰·库萨帕里,2
Rajesh,拉杰.库萨帕里,Rajesh Koothrappali,likely_valid_alias,完整姓名的字幕句点分隔表面变体，电话呼叫语境明确。；证据（1条，格式=file|episode|line_id|start|end|原始台词）：E07.txt|episode=7|line_id=9|00:00:30.37|00:00:33.62|正在呼叫拉杰.库萨帕里,1
Rajesh,库萨帕里,Koothrappali,likely_valid_alias,字幕多次以姓氏单独指称 Raj；证据特意排除了“V.M.库萨帕里医生及夫人/库萨帕里医生及夫人”等父母称谓。；证据（7条，格式=file|episode|line_id|start|end|原始台词）：E01.txt|episode=1|line_id=161|00:08:44.75|00:08:47.47|不是吧  库萨帕里和沃尔维茨就经常过来 || E06.txt|episode=6|line_id=367|00:19:49.26|00:19:51.90|嘿 看见库萨帕里了吗? || E08.txt|episode=8|line_id=284|00:13:14.76|00:13:16.37|库萨帕里怎么样… || E11.txt|episode=11|line_id=133|00:08:50.22|00:08:51.44|你打电话给库萨帕里 || E15.txt|episode=15|line_id=192|00:10:01.13|00:10:04.53|我的意思是  库萨帕里和沃尔维茨 || E17.txt|episode=17|line_id=217|00:11:19.00|00:11:21.21|为什么不和库萨帕里或者沃尔维茨聊 || E17.txt|episode=17|line_id=284|00:14:01.43|00:14:03.47|你上一个对库萨帕里来说很好,7
Others,乔伊斯·金,Joyce Kim,likely_valid_alias,剧中被明确提及的 Leonard 前任姓名；属于次要/未出场角色，统一归 Others。；证据（2条，格式=file|episode|line_id|start|end|原始台词）：E01.txt|episode=1|line_id=322|00:16:41.09|00:16:42.56|我以前跟乔伊斯·金分手过 || E01.txt|episode=1|line_id=323|00:16:42.68|00:16:45.93|你没有和乔伊斯·金分手  是她投奔回朝鲜了,2
Others,道格,Doug,likely_valid_alias,"Penny 明确介绍“这是道格”，后续多次用该名指称同一配角。；证据（5条，格式=file|episode|line_id|start|end|原始台词）：E03.txt|episode=3|line_id=55|00:02:41.59|00:02:43.98|嗨 谢尔顿 这是道格 || E03.txt|episode=3|line_id=56|00:02:43.99|00:02:45.41|道格 这是我邻居谢尔顿 || E03.txt|episode=3|line_id=348|00:18:06.27|00:18:08.80|道格? 我不知道 || E03.txt|episode=3|line_id=353|00:18:16.43|00:18:19.32|先说完关于道格的""但是"" 我会把她叫回来 || E03.txt|episode=3|line_id=356|00:18:26.00|00:18:28.75|跟道格在一起是为了复健性爱",5
Others,奥利维亚·盖格,Olivia Geiger,likely_valid_alias,剧中餐厅/同事语境中提及的具体人物全名，归 Others。；证据（1条，格式=file|episode|line_id|start|end|原始台词）：E03.txt|episode=3|line_id=91|00:04:34.06|00:04:36.40|不知道... 奥利维亚·盖格,1
Others,莱斯利,Leslie,likely_valid_alias,"多集稳定指称同一配角的名字形式，归 Others。；证据（30条，格式=file|episode|line_id|start|end|原始台词）：E03.txt|episode=3|line_id=95|00:04:45.88|00:04:49.19|我注意到莱斯利·温克 最近在刮她的腿毛 || E03.txt|episode=3|line_id=102|00:05:08.67|00:05:11.96|霍华德 如果我要约莱斯利·温克出去 也只是吃顿饭 || E03.txt|episode=3|line_id=105|00:05:22.13|00:05:23.20|嗨 莱斯利 || E03.txt|episode=3|line_id=107|00:05:24.35|00:05:25.76|莱斯利 我建议做个实验... || E03.txt|episode=3|line_id=109|00:05:29.89|00:05:31.68|莱斯利 我建议做个实验 || E03.txt|episode=3|line_id=171|00:08:47.29|00:08:49.43|和莱斯利怎么样啦? || E05.txt|episode=5|line_id=51|00:01:51.20|00:01:52.04|你好 莱斯利 || E05.txt|episode=5|line_id=54|00:01:56.30|00:01:57.56|莱斯利 他是佩妮 || E05.txt|episode=5|line_id=58|00:02:06.14|00:02:08.43|莱斯利和我在同个大学做研究 || E05.txt|episode=5|line_id=81|00:03:05.63|00:03:06.83|莱斯利? || E05.txt|episode=5|line_id=100|00:03:50.96|00:03:54.47|例如 ""快看 莱纳德和莱斯利所生的高德法布夫妻 || E05.txt|episode=5|line_id=102|00:03:56.06|00:03:58.45|如果佩妮不知道莱斯利拒绝过我 || E05.txt|episode=5|line_id=104|00:04:00.43|00:04:02.85|即 她(佩妮)认为我应该追她(莱斯利) || E05.txt|episode=5|line_id=106|00:04:05.96|00:04:08.33|但由于她知道我追过莱斯利 || E05.txt|episode=5|line_id=107|00:04:08.43|00:04:11.28|并且她(莱斯利)已经拒绝我 || E05.txt|episode=5|line_id=130|00:05:31.00|00:05:33.03|挺好玩的 莱斯利 多谢你叫上我 || E05.txt|episode=5|line_id=198|00:09:29.50|00:09:34.11|跟他在一起的要么是莱斯利·温克 要不就是30年代的黑帮 || E05.txt|episode=5|line_id=216|00:10:46.32|00:10:48.68|向莱斯利问好 || E05.txt|episode=5|line_id=264|00:13:51.27|00:13:55.91|小鸟告诉我昨晚你跟莱斯利勾搭上了 || E05.txt|episode=5|line_id=285|00:15:00.83|00:15:02.26|莱斯利是个很棒的女孩 || E05.txt|episode=5|line_id=293|00:15:14.74|00:15:17.63|不管怎样 我现在有机会和莱斯利发展一段真正的恋情 || E05.txt|episode=5|line_id=300|00:15:40.04|00:15:42.18|- 嗨 莱斯利 - 小心 莱纳德 || E05.txt|episode=5|line_id=332|00:17:28.56|00:17:30.20|博客界的人都因为你跟莱斯利 || E05.txt|episode=5|line_id=360|00:18:46.65|00:18:48.99|你和莱斯利如何? || E13.txt|episode=13|line_id=246|00:09:57.13|00:09:59.14|我们不能去找莱斯利·温克 || E13.txt|episode=13|line_id=256|00:10:25.74|00:10:26.75|好  莱斯利 || E13.txt|episode=13|line_id=258|00:10:28.28|00:10:30.57|莱斯利  我有个问题问你 || E13.txt|episode=13|line_id=314|00:12:48.16|00:12:49.38|莱斯利·温克 || E13.txt|episode=13|line_id=315|00:12:49.38|00:12:51.01|没错  莱斯利·温克 || E13.txt|episode=13|line_id=385|00:16:03.20|00:16:04.01|莱斯利?",24
Others,莱斯利·温克,Leslie Winkle,likely_valid_alias,多集稳定指称同一配角的完整姓名，归 Others。；证据（6条，格式=file|episode|line_id|start|end|原始台词）：E03.txt|episode=3|line_id=95|00:04:45.88|00:04:49.19|我注意到莱斯利·温克 最近在刮她的腿毛 || E03.txt|episode=3|line_id=102|00:05:08.67|00:05:11.96|霍华德 如果我要约莱斯利·温克出去 也只是吃顿饭 || E05.txt|episode=5|line_id=198|00:09:29.50|00:09:34.11|跟他在一起的要么是莱斯利·温克 要不就是30年代的黑帮 || E13.txt|episode=13|line_id=246|00:09:57.13|00:09:59.14|我们不能去找莱斯利·温克 || E13.txt|episode=13|line_id=314|00:12:48.16|00:12:49.38|莱斯利·温克 || E13.txt|episode=13|line_id=315|00:12:49.38|00:12:51.01|没错  莱斯利·温克,6
Others,媞诗曼女士,Mrs. Tishman,likely_valid_alias,舞蹈课语境中明确指称具体女士的“姓/名+女士”形式，归 Others。；证据（1条，格式=file|episode|line_id|start|end|原始台词）：E03.txt|episode=3|line_id=187|00:09:54.28|00:09:56.71|媞诗曼女士一直盯着你呢,1
Others,科特,Kurt,likely_valid_alias,多集稳定指称 Penny 前男友的名字，归 Others。；证据（6条，格式=file|episode|line_id|start|end|原始台词）：E03.txt|episode=3|line_id=355|00:18:23.56|00:18:25.99|我还没从跟科特的分手中完全恢复 || E06.txt|episode=6|line_id=230|00:12:23.70|00:12:26.25|科特想挑选哪个女人都可以 || E06.txt|episode=6|line_id=244|00:12:59.86|00:13:00.76|嗨 科特 || E06.txt|episode=6|line_id=281|00:14:28.68|00:14:30.36|好吧 科特 别这样 || E06.txt|episode=6|line_id=299|00:15:24.12|00:15:26.08|科特 马上放他下来 || E06.txt|episode=6|line_id=352|00:18:28.25|00:18:32.39|你确信你不是因为喝醉酒而且对科特的事生气,6
Others,芬克顿教授,Professor Finkleday,likely_valid_alias,系里派对语境中明确提及具体教授，归 Others。；证据（1条，格式=file|episode|line_id|start|end|原始台词）：E04.txt|episode=4|line_id=16|00:00:45.50|00:00:48.12|上次系里的派对 芬克顿教授抓着我,1
Others,盖博豪斯,Gablehauser,likely_valid_alias,"多次以姓氏指称系主任，归 Others。；证据（6条，格式=file|episode|line_id|start|end|原始台词）：E04.txt|episode=4|line_id=24|00:01:02.70|00:01:04.65|""见到你很高兴 盖博豪斯博士"" || E04.txt|episode=4|line_id=70|00:03:45.21|00:03:47.88|我相信只要你跟盖博豪斯道歉 || E04.txt|episode=4|line_id=335|00:18:11.70|00:18:13.97|抱歉 盖博豪斯博士 您在忙吗? || E04.txt|episode=4|line_id=339|00:18:20.89|00:18:21.85|盖博豪斯博士 || E04.txt|episode=4|line_id=347|00:18:50.53|00:18:51.72|艾瑞克·盖博豪斯博士 || E04.txt|episode=4|line_id=367|00:19:52.11|00:19:55.74|盖博豪斯博士会是我的新爸爸吗?",1
Others,盖博豪斯博士,Dr. Gablehauser,likely_valid_alias,"多次以姓氏+博士称呼同一系主任，归 Others。；证据（5条，格式=file|episode|line_id|start|end|原始台词）：E04.txt|episode=4|line_id=24|00:01:02.70|00:01:04.65|""见到你很高兴 盖博豪斯博士"" || E04.txt|episode=4|line_id=335|00:18:11.70|00:18:13.97|抱歉 盖博豪斯博士 您在忙吗? || E04.txt|episode=4|line_id=339|00:18:20.89|00:18:21.85|盖博豪斯博士 || E04.txt|episode=4|line_id=347|00:18:50.53|00:18:51.72|艾瑞克·盖博豪斯博士 || E04.txt|episode=4|line_id=367|00:19:52.11|00:19:55.74|盖博豪斯博士会是我的新爸爸吗?",4
Others,艾瑞克·盖博豪斯博士,Dr. Eric Gablehauser,likely_valid_alias,明确出现的完整姓名+职称形式，归 Others。；证据（1条，格式=file|episode|line_id|start|end|原始台词）：E04.txt|episode=4|line_id=347|00:18:50.53|00:18:51.72|艾瑞克·盖博豪斯博士,1
Others,盖博豪瑟博士,Dr. Gablehauser,likely_valid_alias,E12 对同一系主任的字幕译名变体，归 Others。；证据（1条，格式=file|episode|line_id|start|end|原始台词）：E12.txt|episode=12|line_id=21|00:00:56.99|00:00:58.55|盖博豪瑟博士,1
Others,桑茉,Summer,likely_valid_alias,Howard 明确介绍“这位是我特别的女性朋友桑茉”，归 Others。；证据（1条，格式=file|episode|line_id|start|end|原始台词）：E04.txt|episode=4|line_id=47|00:02:09.00|00:02:12.22|这位是我特别的女性朋友桑茉,1
Others,派特医生,Dr. Patel,likely_valid_alias,Mary 的教堂故事中明确以该称谓指称具体医生，归 Others。；证据（1条，格式=file|episode|line_id|start|end|原始台词）：E04.txt|episode=4|line_id=248|00:13:20.11|00:13:22.65|派特医生 这是个感人的故事,1
Others,玛丽,Mary,likely_valid_alias,"E04 中丈夫直接以“玛丽”称呼 Sheldon 的母亲；只取该人物语境，排除“玛丽女王号”。；证据（2条，格式=file|episode|line_id|start|end|原始台词）：E04.txt|episode=4|line_id=256|00:13:38.61|00:13:41.83|""玛丽 对谢尔顿要耐心"" || E04.txt|episode=4|line_id=348|00:18:51.73|00:18:53.70|我叫玛丽·库珀 是谢尔顿的妈妈",1
Others,玛丽·库珀,Mary Cooper,likely_valid_alias,Sheldon 的母亲明确自我介绍“我叫玛丽·库珀”，归 Others。；证据（1条，格式=file|episode|line_id|start|end|原始台词）：E04.txt|episode=4|line_id=348|00:18:51.73|00:18:53.70|我叫玛丽·库珀 是谢尔顿的妈妈,1
Others,埃利奥特·王,Elliot Wong,likely_valid_alias,弦乐四重奏/研究组语境中的具体同事姓名，归 Others。；证据（1条，格式=file|episode|line_id|start|end|原始台词）：E05.txt|episode=5|line_id=63|00:02:18.48|00:02:19.32|埃利奥特·王怎么啦?,1
Others,凯尔,Kyle,likely_valid_alias,彩弹比赛语境中明确提及的对方团队人物名，归 Others。；证据（1条，格式=file|episode|line_id|start|end|原始台词）：E06.txt|episode=6|line_id=5|00:00:20.20|00:00:25.96|可也不能输给凯尔那帮犹太小男生啊,1
Others,克里斯汀,Christy,likely_valid_alias,E07 明确介绍“她叫克里斯汀”，并持续指称该配角，归 Others。；证据（11条，格式=file|episode|line_id|start|end|原始台词）：E07.txt|episode=7|line_id=27|00:01:21.77|00:01:24.55|有个女孩 是我在内布拉斯加的老相识 她叫克里斯汀 || E07.txt|episode=7|line_id=39|00:02:00.23|00:02:03.07|你不喜欢克里斯汀的话 干嘛让她留下? || E07.txt|episode=7|line_id=53|00:03:03.78|00:03:07.99|真不敢相信克里斯汀居然让霍华德进我家 || E07.txt|episode=7|line_id=112|00:05:51.27|00:05:53.76|呃 霍华德和克里斯汀好像... || E07.txt|episode=7|line_id=195|00:11:12.44|00:11:13.55|克里斯汀呢? || E07.txt|episode=7|line_id=209|00:11:57.24|00:11:59.07|嗨 我是克里斯汀 || E07.txt|episode=7|line_id=213|00:12:05.26|00:12:07.90|克里斯汀 你打算怎么安排? || E07.txt|episode=7|line_id=223|00:12:26.67|00:12:28.49|克里斯汀可以跟我住 || E07.txt|episode=7|line_id=228|00:12:34.57|00:12:37.04|克里斯汀住霍华德那里 佩妮回自己房间 || E07.txt|episode=7|line_id=308|00:16:28.31|00:16:31.40|因为沃罗威茨在陪你朋友克里斯汀 || E07.txt|episode=7|line_id=345|00:18:19.47|00:18:21.15|我是克里斯汀 范德贝尔特,10
Others,克里斯汀 范德贝尔特,Christy Vanderbelt,likely_valid_alias,E07 配角明确自我介绍的完整姓名表面形式，归 Others。；证据（1条，格式=file|episode|line_id|start|end|原始台词）：E07.txt|episode=7|line_id=345|00:18:19.47|00:18:21.15|我是克里斯汀 范德贝尔特,1
Others,拉丽塔,Lalita,likely_valid_alias,E08 多次稳定指称同一配角，且有“她叫拉丽塔”语境，归 Others。；证据（14条，格式=file|episode|line_id|start|end|原始台词）：E08.txt|episode=8|line_id=48|00:02:02.71|00:02:05.86|拉杰 你还记得拉丽塔·古塔吗? || E08.txt|episode=8|line_id=57|00:02:21.32|00:02:23.89|拉丽塔的父母同意了你们的婚事 || E08.txt|episode=8|line_id=117|00:05:18.74|00:05:21.08|嗨 拉杰 我是拉丽塔·古塔 || E08.txt|episode=8|line_id=130|00:05:53.26|00:05:55.85|喂 拉丽塔? 我是拉杰·库萨帕里 || E08.txt|episode=8|line_id=222|00:10:17.95|00:10:21.31|我绝不会跟拉丽塔·古塔 骑象走向圣坛（结婚） || E08.txt|episode=8|line_id=237|00:10:53.90|00:10:57.97|现在我只需确保 和草蜢酒见面之前 先喝一杯拉丽塔 || E08.txt|episode=8|line_id=253|00:11:46.33|00:11:49.89|不敢相信小拉丽塔·古塔就坐在我旁边 || E08.txt|episode=8|line_id=255|00:11:53.08|00:11:54.81|小拉丽塔 || E08.txt|episode=8|line_id=257|00:11:56.95|00:11:59.65|小拉丽塔 小拉丽塔 小拉丽塔 || E08.txt|episode=8|line_id=288|00:13:21.12|00:13:22.90|我很确定她叫拉丽塔 || E08.txt|episode=8|line_id=309|00:14:21.60|00:14:22.78|她是拉丽塔·古塔 || E08.txt|episode=8|line_id=310|00:14:22.79|00:14:26.27|拉丽塔 这是莱纳德 谢尔顿 霍华德 还有佩妮 || E08.txt|episode=8|line_id=360|00:16:32.50|00:16:35.02|让我怎么跟拉丽塔的父母交待? || E08.txt|episode=8|line_id=413|00:18:36.01|00:18:38.47|你和拉丽塔怎么样?,6
Others,拉丽塔·古塔,Lalita Gupta,likely_valid_alias,E08 明确自我介绍并多次出现的完整姓名，归 Others。；证据（5条，格式=file|episode|line_id|start|end|原始台词）：E08.txt|episode=8|line_id=48|00:02:02.71|00:02:05.86|拉杰 你还记得拉丽塔·古塔吗? || E08.txt|episode=8|line_id=117|00:05:18.74|00:05:21.08|嗨 拉杰 我是拉丽塔·古塔 || E08.txt|episode=8|line_id=222|00:10:17.95|00:10:21.31|我绝不会跟拉丽塔·古塔 骑象走向圣坛（结婚） || E08.txt|episode=8|line_id=253|00:11:46.33|00:11:49.89|不敢相信小拉丽塔·古塔就坐在我旁边 || E08.txt|episode=8|line_id=309|00:14:21.60|00:14:22.78|她是拉丽塔·古塔,4
Others,小拉丽塔,Little Lalita,likely_valid_alias,童年重逢语境中多次出现的昵称式形式，明确指向拉丽塔，归 Others。；证据（3条，格式=file|episode|line_id|start|end|原始台词）：E08.txt|episode=8|line_id=253|00:11:46.33|00:11:49.89|不敢相信小拉丽塔·古塔就坐在我旁边 || E08.txt|episode=8|line_id=255|00:11:53.08|00:11:54.81|小拉丽塔 || E08.txt|episode=8|line_id=257|00:11:56.95|00:11:59.65|小拉丽塔 小拉丽塔 小拉丽塔,4
Others,小拉丽塔·古塔,Little Lalita Gupta,likely_valid_alias,昵称+完整姓名形式，明确指向同一配角，归 Others。；证据（1条，格式=file|episode|line_id|start|end|原始台词）：E08.txt|episode=8|line_id=253|00:11:46.33|00:11:49.89|不敢相信小拉丽塔·古塔就坐在我旁边,1
Others,V.M.库萨帕里医生及夫人,Dr. and Mrs. V.M. Koothrappali,likely_valid_alias,视频通话中对 Raj 父母的具名夫妇称谓；按粗标签规则归 Others。；证据（1条，格式=file|episode|line_id|start|end|原始台词）：E08.txt|episode=8|line_id=17|00:00:57.48|00:00:59.17|V.M.库萨帕里医生及夫人,1
Others,库萨帕里医生及夫人,Dr. and Mrs. Koothrappali,likely_valid_alias,视频通话中对 Raj 父母的夫妇称谓；按粗标签规则归 Others。；证据（2条，格式=file|episode|line_id|start|end|原始台词）：E08.txt|episode=8|line_id=17|00:00:57.48|00:00:59.17|V.M.库萨帕里医生及夫人 || E08.txt|episode=8|line_id=366|00:16:45.39|00:16:47.51|库萨帕里医生及夫人 说句公道话,1
Others,托比·鲁本菲尔德,Toby Loobenfeld,likely_valid_alias,Leonard 明确介绍“这位是托比·鲁本菲尔德”，归 Others。；证据（1条，格式=file|episode|line_id|start|end|原始台词）：E10.txt|episode=10|line_id=364|00:15:41.99|00:15:44.37|莱纳德  这位是托比·鲁本菲尔德,1
Others,丹尼斯,Dennis,likely_valid_alias,E12 多次稳定指称丹尼斯·金的名，归 Others。；证据（19条，格式=file|episode|line_id|start|end|原始台词）：E12.txt|episode=12|line_id=22|00:00:58.56|00:01:01.01|先生们  允许我向你们介绍丹尼斯·金 || E12.txt|episode=12|line_id=23|00:01:01.02|00:01:04.30|丹尼斯可是非常吃香的准博士 || E12.txt|episode=12|line_id=32|00:01:24.08|00:01:25.33|带丹尼斯到处转转 || E12.txt|episode=12|line_id=43|00:01:45.96|00:01:47.66|丹尼斯  我们已经讨论过这些了 || E12.txt|episode=12|line_id=61|00:02:52.01|00:02:53.80|丹尼斯  你来美国多长时间了? || E12.txt|episode=12|line_id=88|00:03:41.95|00:03:42.74|走吧  丹尼斯 || E12.txt|episode=12|line_id=99|00:04:03.26|00:04:04.66|走吧  丹尼斯 || E12.txt|episode=12|line_id=118|00:05:06.99|00:05:10.99|丹尼斯·金才15岁就已经能纠正我的研究成果了 || E12.txt|episode=12|line_id=160|00:06:44.99|00:06:46.53|但既然丹尼斯·金 || E12.txt|episode=12|line_id=256|00:10:52.97|00:10:56.81|等等  你们是在讨论谋杀丹尼斯·金吗 || E12.txt|episode=12|line_id=325|00:13:31.13|00:13:32.91|走吧  丹尼斯 || E12.txt|episode=12|line_id=366|00:15:25.34|00:15:26.84|然后琢磨下怎么让她和丹尼斯搞到一起 || E12.txt|episode=12|line_id=405|00:16:49.79|00:16:51.37|与丹尼斯只有一走廊之隔的地方 || E12.txt|episode=12|line_id=414|00:17:12.56|00:17:15.77|丹尼斯·金先生加入我们这个小家庭 || E12.txt|episode=12|line_id=415|00:17:15.78|00:17:17.78|欢迎  丹尼斯·金 || E12.txt|episode=12|line_id=423|00:17:35.88|00:17:38.76|丹尼斯·金先生 || E12.txt|episode=12|line_id=424|00:17:40.43|00:17:42.25|丹尼斯? || E12.txt|episode=12|line_id=425|00:17:42.38|00:17:43.74|丹尼斯 || E12.txt|episode=12|line_id=465|00:19:17.48|00:19:19.19|是丹尼斯·金,11
Others,丹尼斯·金,Dennis Kim,likely_valid_alias,E12 多次出现的完整姓名，归 Others。；证据（8条，格式=file|episode|line_id|start|end|原始台词）：E12.txt|episode=12|line_id=22|00:00:58.56|00:01:01.01|先生们  允许我向你们介绍丹尼斯·金 || E12.txt|episode=12|line_id=118|00:05:06.99|00:05:10.99|丹尼斯·金才15岁就已经能纠正我的研究成果了 || E12.txt|episode=12|line_id=160|00:06:44.99|00:06:46.53|但既然丹尼斯·金 || E12.txt|episode=12|line_id=256|00:10:52.97|00:10:56.81|等等  你们是在讨论谋杀丹尼斯·金吗 || E12.txt|episode=12|line_id=414|00:17:12.56|00:17:15.77|丹尼斯·金先生加入我们这个小家庭 || E12.txt|episode=12|line_id=415|00:17:15.78|00:17:17.78|欢迎  丹尼斯·金 || E12.txt|episode=12|line_id=423|00:17:35.88|00:17:38.76|丹尼斯·金先生 || E12.txt|episode=12|line_id=465|00:19:17.48|00:19:19.19|是丹尼斯·金,6
Others,丹尼斯·金先生,Mr. Dennis Kim,likely_valid_alias,完整姓名+先生称谓，明确指向丹尼斯·金，归 Others。；证据（2条，格式=file|episode|line_id|start|end|原始台词）：E12.txt|episode=12|line_id=414|00:17:12.56|00:17:15.77|丹尼斯·金先生加入我们这个小家庭 || E12.txt|episode=12|line_id=423|00:17:35.88|00:17:38.76|丹尼斯·金先生,2
Others,金先生,Mr. Kim,likely_valid_alias,E12 多次以姓氏+先生称呼丹尼斯·金，归 Others。；证据（5条，格式=file|episode|line_id|start|end|原始台词）：E12.txt|episode=12|line_id=316|00:13:12.12|00:13:13.61|今天下午我们将为金先生准备 || E12.txt|episode=12|line_id=414|00:17:12.56|00:17:15.77|丹尼斯·金先生加入我们这个小家庭 || E12.txt|episode=12|line_id=416|00:17:18.74|00:17:19.74|金先生 || E12.txt|episode=12|line_id=423|00:17:35.88|00:17:38.76|丹尼斯·金先生 || E12.txt|episode=12|line_id=436|00:18:10.49|00:18:13.77|尊敬的女儿们  当金先生,3
Others,迪妮斯·帕尔玛莉,Denise Palmeri,likely_valid_alias,Leonard 回忆 15 岁时遇见的具体人物姓名，归 Others。；证据（1条，格式=file|episode|line_id|start|end|原始台词）：E12.txt|episode=12|line_id=272|00:11:26.43|00:11:28.14|我15岁的时候  遇见了迪妮斯·帕尔玛莉,1
Others,歌德法布教授,Professor Goldfarb,likely_valid_alias,研究机构场景中直接称呼的具体教授，归 Others。；证据（1条，格式=file|episode|line_id|start|end|原始台词）：E12.txt|episode=12|line_id=330|00:13:52.33|00:13:53.95|反对的理由  歌德法布教授,1
Others,爱玛,Emma,likely_valid_alias,丹尼斯明确说“我得跟爱玛去趟购物中心”，指向剧内具体人物，归 Others。；证据（1条，格式=file|episode|line_id|start|end|原始台词）：E12.txt|episode=12|line_id=430|00:17:50.24|00:17:52.10|我得跟爱玛去趟购物中心,1
Others,渔夫,Fishman,likely_valid_alias,物理碗往届团队成员名单中的人名表面形式，归 Others。；证据（1条，格式=file|episode|line_id|start|end|原始台词）：E13.txt|episode=13|line_id=29|00:01:05.60|00:01:08.50|今年的大学物理碗比赛  渔夫  陈  肖杜里和麦克奈,1
Others,陈,Chen,likely_valid_alias,物理碗往届团队成员名单中的人名表面形式；仅保留 E13 名单证据，排除“陈皮鸡丁”等普通词。；证据（1条，格式=file|episode|line_id|start|end|原始台词）：E13.txt|episode=13|line_id=29|00:01:05.60|00:01:08.50|今年的大学物理碗比赛  渔夫  陈  肖杜里和麦克奈,1
Others,肖杜里,Chaudury,likely_valid_alias,物理碗往届团队成员名单中的人名表面形式，归 Others。；证据（1条，格式=file|episode|line_id|start|end|原始台词）：E13.txt|episode=13|line_id=29|00:01:05.60|00:01:08.50|今年的大学物理碗比赛  渔夫  陈  肖杜里和麦克奈,1
Others,麦克奈,McNair,likely_valid_alias,物理碗往届团队成员名单中的人名表面形式，归 Others。；证据（1条，格式=file|episode|line_id|start|end|原始台词）：E13.txt|episode=13|line_id=29|00:01:05.60|00:01:08.50|今年的大学物理碗比赛  渔夫  陈  肖杜里和麦克奈,1
Others,米茜,Missy,likely_valid_alias,E15 多次稳定指称 Sheldon 的孪生妹妹，且有明确介绍语境，归 Others。；证据（20条，格式=file|episode|line_id|start|end|原始台词）：E15.txt|episode=15|line_id=38|00:01:40.56|00:01:42.82|可以  这是米茜 || E15.txt|episode=15|line_id=39|00:01:42.82|00:01:46.69|米茜  这是莱纳德和拉杰  你已经见过霍华德了 || E15.txt|episode=15|line_id=56|00:03:24.71|00:03:26.98|那么  米茜  你为什么从德州跑到这来? || E15.txt|episode=15|line_id=113|00:06:06.34|00:06:09.10|佩妮  这是谢尔顿的孪生妹妹  米茜 || E15.txt|episode=15|line_id=114|00:06:09.10|00:06:12.55|-米茜  这是我们的邻居佩妮  -你们看起来长得不像啊 || E15.txt|episode=15|line_id=123|00:06:30.60|00:06:33.43|是  我有希望了  你好  米茜 || E15.txt|episode=15|line_id=125|00:06:47.92|00:06:53.75|米茜  你遇到过来自充满异域风情的印度次大陆的男人吗 || E15.txt|episode=15|line_id=149|00:08:04.18|00:08:05.20|米茜 || E15.txt|episode=15|line_id=156|00:08:24.96|00:08:26.90|米茜  我要去做指甲 || E15.txt|episode=15|line_id=160|00:08:32.66|00:08:34.35|-大伙再见  -再见  米茜 || E15.txt|episode=15|line_id=161|00:08:34.35|00:08:36.58|-米茜  再见  -再见  莱纳德 || E15.txt|episode=15|line_id=211|00:10:45.51|00:10:50.96|确保米茜能选择一位合适的伴侣就是你的责任了 || E15.txt|episode=15|line_id=221|00:11:18.47|00:11:20.76|如果有人想接近米茜的输卵管 || E15.txt|episode=15|line_id=318|00:16:25.56|00:16:27.77|米茜想跟谁约会不关我的事 || E15.txt|episode=15|line_id=330|00:16:52.37|00:16:55.08|如果我们想争米茜  我们来好好地争 || E15.txt|episode=15|line_id=341|00:17:23.08|00:17:25.76|失陪  我得去告诉米茜这个好消息 || E15.txt|episode=15|line_id=347|00:17:39.58|00:17:41.69|顺便  能让我跟米茜说几句吗 || E15.txt|episode=15|line_id=362|00:18:30.58|00:18:32.56|我来拜访下米茜 || E15.txt|episode=15|line_id=363|00:18:33.19|00:18:34.34|米茜 || E15.txt|episode=15|line_id=372|00:19:21.06|00:19:22.19|米茜,20
Others,帕特尔医生,Dr. Patel,likely_valid_alias,E15 教堂语境中明确提及的具体医生，归 Others。；证据（1条，格式=file|episode|line_id|start|end|原始台词）：E15.txt|episode=15|line_id=126|00:06:54.67|00:06:56.93|有  我们教堂的帕特尔医生,1
Others,帕特尔,Patel,likely_valid_alias,紧接“帕特尔医生”后的姓氏简称，明确指向同一剧内人物，归 Others。；证据（2条，格式=file|episode|line_id|start|end|原始台词）：E15.txt|episode=15|line_id=126|00:06:54.67|00:06:56.93|有  我们教堂的帕特尔医生 || E15.txt|episode=15|line_id=127|00:06:56.93|00:06:58.79|没错  帕特尔  他人不错,1
Others,麦克,Mike,likely_valid_alias,Penny 的约会/前男友语境中多次指称同一剧内人物；证据排除含“麦克”的其他外部姓名。；证据（6条，格式=file|episode|line_id|start|end|原始台词）：E14.txt|episode=14|line_id=405|00:17:57.03|00:17:58.81|-佩妮  -麦克 || E15.txt|episode=15|line_id=344|00:17:34.77|00:17:37.45|对了  你约会的那个对象麦克  现在还好着吗 || E17.txt|episode=17|line_id=79|00:04:46.46|00:04:48.40|我真的以为麦克与众不同 || E17.txt|episode=17|line_id=115|00:06:25.55|00:06:27.45|也许我应该打电话跟麦克道歉 || E17.txt|episode=17|line_id=133|00:07:14.65|00:07:16.08|我去麦克那儿 || E17.txt|episode=17|line_id=170|00:09:05.16|00:09:08.44|我去麦克那想跟他和好,6
Others,卡萝尔,Carol,likely_valid_alias,E16 明确说“那是我的朋友卡萝尔”，归 Others。；证据（1条，格式=file|episode|line_id|start|end|原始台词）：E16.txt|episode=16|line_id=396|00:18:50.86|00:18:52.43|那是我的朋友卡萝尔,1
Others,格洛辛格女士,Mrs. Grossinger,likely_valid_alias,E17 明确区分楼内住户并以该称谓指称具体邻居，归 Others。；证据（1条，格式=file|episode|line_id|start|end|原始台词）：E17.txt|episode=17|line_id=314|00:15:08.59|00:15:10.06|不  那位是格洛辛格女士,1
Others,里奥珀德,Leopold,likely_valid_alias,人工复核确认该表面形式属于所列角色的名字/别名。；证据（12条，格式=file|episode|line_id|start|end|原始台词）：E10.txt|episode=10|line_id=174|00:07:57.48|00:08:00.52|我表弟里奥珀德的戒毒调停会 || E10.txt|episode=10|line_id=175|00:08:01.14|00:08:03.64|你的表弟里奥珀德 || E10.txt|episode=10|line_id=176|00:08:03.71|00:08:05.84|大部分人叫他里奥  但你叫他里他也会答应 || E10.txt|episode=10|line_id=177|00:08:05.91|00:08:07.41|记住这点  这很关键 || E10.txt|episode=10|line_id=178|00:08:07.48|00:08:08.93|有什么好关键的? || E10.txt|episode=10|line_id=179|00:08:08.93|00:08:10.58|细节  莱纳德 || E10.txt|episode=10|line_id=180|00:08:10.64|00:08:12.24|骗人的成功或失败 || E10.txt|episode=10|line_id=181|00:08:12.31|00:08:14.27|就是取决于细节 || E10.txt|episode=10|line_id=182|00:08:14.27|00:08:16.21|-你真有个表弟叫里奥珀德?  -没有 || E10.txt|episode=10|line_id=183|00:08:16.28|00:08:17.51|他是我捏造的 || E10.txt|episode=10|line_id=184|00:08:18.46|00:08:21.14|我觉得你应该叫他里 || E10.txt|episode=10|line_id=293|00:12:34.03|00:12:35.59|吸毒的叫里奥珀德的表弟,4
Others,里奥,Leo,likely_valid_alias,人工复核确认该表面形式属于所列角色的名字/别名。；证据（14条，格式=file|episode|line_id|start|end|原始台词）：E10.txt|episode=10|line_id=176|00:08:03.71|00:08:05.84|大部分人叫他里奥  但你叫他里他也会答应 || E10.txt|episode=10|line_id=202|00:09:00.18|00:09:01.78|不  当然不  根本就没有表弟里奥 || E10.txt|episode=10|line_id=208|00:09:11.26|00:09:14.28|带着一幅坚信里奥回戒毒所后能改邪归正的表情 || E10.txt|episode=10|line_id=279|00:12:08.03|00:12:10.21|谢尔顿的表弟里奥逃离了戒毒所 || E10.txt|episode=10|line_id=322|00:13:40.91|00:13:43.96|抛开这点  我意识到我所描述的这个里奥 || E10.txt|episode=10|line_id=325|00:13:47.36|00:13:49.33|因为里奥是中间儿 || E10.txt|episode=10|line_id=326|00:13:49.39|00:13:51.13|根本就没里奥这个人! || E10.txt|episode=10|line_id=347|00:14:56.51|00:14:59.02|我是谢尔顿的表弟里奥 || E10.txt|episode=10|line_id=348|00:15:03.36|00:15:06.03|谢尔顿根本没有一个叫里奥的表弟 || E10.txt|episode=10|line_id=374|00:16:00.36|00:16:03.19|你想啊  鉴于里奥不会去接受康复治疗 || E10.txt|episode=10|line_id=391|00:16:57.69|00:17:01.56|里奥  这位是佩妮 || E10.txt|episode=10|line_id=393|00:17:02.79|00:17:04.29|你好  里奥 || E10.txt|episode=10|line_id=401|00:17:30.02|00:17:31.46|这位就是里奥 || E10.txt|episode=10|line_id=448|00:19:43.92|00:19:47.79|里奥  你真的是个很可爱也很有趣的男生,14
Others,里,Lee,likely_valid_alias,人工复核确认该表面形式属于所列角色的名字/别名。；证据（2条，格式=file|episode|line_id|start|end|原始台词）：E10.txt|episode=10|line_id=176|00:08:03.71|00:08:05.84|大部分人叫他里奥  但你叫他里他也会答应 || E10.txt|episode=10|line_id=184|00:08:18.46|00:08:21.14|我觉得你应该叫他里,2
Others,里奥珀德·休斯顿,Leopold Houston,likely_valid_alias,"人工复核确认该表面形式属于所列角色的名字/别名。；证据（16条，格式=file|episode|line_id|start|end|原始台词）：E10.txt|episode=10|line_id=182|00:08:14.27|00:08:16.21|-你真有个表弟叫里奥珀德?  -没有 || E10.txt|episode=10|line_id=183|00:08:16.28|00:08:17.51|他是我捏造的 || E10.txt|episode=10|line_id=184|00:08:18.46|00:08:21.14|我觉得你应该叫他里 || E10.txt|episode=10|line_id=185|00:08:21.21|00:08:22.31|我不明白了 || E10.txt|episode=10|line_id=186|00:08:22.38|00:08:23.84|我已经跟她撒过一次谎了 || E10.txt|episode=10|line_id=187|00:08:23.91|00:08:26.68|为什么要再撒一个不同的谎? || E10.txt|episode=10|line_id=188|00:08:26.74|00:08:29.01|首先  你的谎话很可笑且容易被识破 || E10.txt|episode=10|line_id=189|00:08:29.08|00:08:31.44|而我的却十分缜密且难以识破 || E10.txt|episode=10|line_id=190|00:08:32.41|00:08:33.76|在你睡觉的时候 || E10.txt|episode=10|line_id=191|00:08:33.76|00:08:37.25|我组建了一个""非不可解释""网站 || E10.txt|episode=10|line_id=192|00:08:37.40|00:08:38.79|非不可解释? || E10.txt|episode=10|line_id=193|00:08:38.79|00:08:39.74|是的 || E10.txt|episode=10|line_id=194|00:08:39.81|00:08:41.61|如果她在Google里搜索""里奥珀德·休斯顿"" || E10.txt|episode=10|line_id=195|00:08:41.63|00:08:43.00|她会找到一个Facebook(美国交友网站)页面 || E10.txt|episode=10|line_id=196|00:08:43.00|00:08:45.34|一个在线博客  里面有描述他吸毒走向堕落的过程 || E10.txt|episode=10|line_id=197|00:08:45.41|00:08:49.28|而且在Eharmony.com(美国婚介网站)有个绝望但仍有希望的名单",1
